app_id,app_name,app_size,app_runtime,app_task_count,max_in_ready_queue,max_in_todo_queue,ref_arrival_time,app_diff_arrival_time,app_lifetime,app_api_min,app_api_max,app_api_mean,cpu1_todo_queue,cpu2_todo_queue,cpu3_todo_queue,fft1_todo_queue,fft2_todo_queue,gemm1_todo_queue,gemm2_todo_queue,zip1_todo_queue,cpu1,cpu2,cpu3,fft1,fft2,gemm1,gemm2,zip1,API_INSTRUCTIONS,API_CACHE_REFERENCES,API_CACHE_MISSES,API_BRANCH_MISSES,API_DTLB_READ_MISS,API_ITLB_READ_MISS,API_L1D_READ_ACCESS,API_L1D_READ_MISS,API_L1I_READ_MISS,APP_INSTRUCTIONS,APP_CACHE_REFERENCES,APP_CACHE_MISSES,APP_BRANCH_MISSES,APP_DTLB_READ_MISS,APP_ITLB_READ_MISS,APP_L1D_READ_ACCESS,APP_L1D_READ_MISS,APP_L1I_READ_MISS
0,temporal_mitigation-noapi-aarch64,68888,50376104,0,0,0,549572331678668,0,79109885,0,0,0,0,0,0,0,0,0,0,0,0.113425,0.110092,0.114948,0.057487,0.058151,0.000147,0.000120,0.104390,0,0,0,0,0,0,0,0,0,776036,911411,3652,9346,222,159,626590,0,0
12,radar_correlator-noapi-aarch64,13080,20594538,0,0,0,549572411284962,79606294,55293705,0,0,0,0,0,0,0,0,0,0,0,0.113425,0.110092,0.114948,0.057487,0.058151,0.000147,0.000120,0.104390,0,0,0,0,0,0,0,0,0,1095236,415570,2623,4967,171,99,0,0,0
1,temporal_mitigation-noapi-aarch64,68888,43834240,0,0,0,549572476919760,65634798,76704895,0,0,0,0,0,0,0,0,0,0,0,0.113425,0.110092,0.114948,0.057487,0.058151,0.000147,0.000120,0.104390,0,0,0,0,0,0,0,0,0,2557041,904501,2310,8728,123,102,0,0,0
14,temporal_mitigation-aarch64,68760,74920256,4,1,1,549572457634203,-19285557,97705493,11611,1438753,433310,0,0,1,0,0,1,1,0,0.113425,0.110092,0.114948,0.057487,0.058151,0.000147,0.000120,0.104390,155406,14341,743,647,64,25,2286,50,44,6166,465402,4787,10058,394,248,907139,3305,0
13,radar_correlator-noapi-aarch64,13080,6573997,0,0,0,549572545782021,88147818,41792086,0,0,0,0,0,0,0,0,0,0,0,0.113425,0.110092,0.114948,0.057487,0.058151,0.000147,0.000120,0.104390,0,0,0,0,0,0,0,0,0,294305,432651,2003,5175,131,138,331848,0,0
19,radar_correlator-aarch64,12952,12190708,3,1,1,549572545782021,0,53494875,59386,88899,78861,0,1,1,1,0,0,0,0,0.113425,0.110092,0.114948,0.057487,0.058151,0.000147,0.000120,0.104390,5300,57,1,965,48,34,41837,461,499,1032160,380200,3038,4485,276,222,0,0,0
5,pulse_doppler-nb-aarch64,17496,244004660,512,64,25,549572329292790,-216489231,272435191,11711,6241864,128064,25,22,21,25,20,0,0,0,0.113425,0.110092,0.114948,0.057487,0.058151,0.000147,0.000120,0.104390,2490174,858794,30307,62854,1042,867,1126749,23060,23118,13187415,5229651,71358,69265,1637,1728,7441876,101022,102203
15,temporal_mitigation-aarch64,68760,29165894,4,1,1,549572556584870,227292080,87672530,7781,1305750,334893,0,1,1,0,0,1,0,0,0.113425,0.110092,0.114948,0.057487,0.058151,0.000147,0.000120,0.104390,131449,9733,272,469,15,4,5532,37,405,1078065,589704,3274,9987,150,165,506905,759,0
2,temporal_mitigation-noapi-aarch64,68888,55410746,0,0,0,549572622215938,65631068,102685730,0,0,0,0,0,0,0,0,0,0,0,0.113425,0.110092,0.114948,0.057487,0.058151,0.000147,0.000120,0.104390,0,0,0,0,0,0,0,0,0,209183,775402,2569,9805,174,166,827805,464,0
16,temporal_mitigation-aarch64,68760,20114990,4,1,1,549572659857009,37641071,65164831,11021,33223,17527,0,1,1,0,0,1,1,0,0.113425,0.110092,0.114948,0.057487,0.058151,0.000147,0.000120,0.104390,32650,2348,133,251,30,21,10197,293,313,191392,902715,3220,9953,193,244,832592,0,0
20,radar_correlator-aarch64,12952,19030251,3,1,1,549572677861088,18004079,75543348,51135,374768,169913,1,0,0,0,1,0,0,0,0.113425,0.110092,0.114948,0.057487,0.058151,0.000147,0.000120,0.104390,133967,42113,78,119,7,11,40954,375,500,1022978,376021,1975,4006,148,134,0,0,0
6,pulse_doppler-nb-aarch64,17496,360294200,512,58,25,549572438637785,-239223303,396103628,11671,25840482,264210,24,20,20,25,21,0,0,0,0.113425,0.110092,0.114948,0.057487,0.058151,0.000147,0.000120,0.104390,3488503,984881,19728,48851,757,822,1273495,29568,35791,14635106,6623678,88889,63370,906,1391,8220604,94841,102306
3,temporal_mitigation-noapi-aarch64,68888,55433768,0,0,0,549572767457960,328820175,107480149,0,0,0,0,0,0,0,0,0,0,0,0.113425,0.110092,0.114948,0.057487,0.058151,0.000147,0.000120,0.104390,0,0,0,0,0,0,0,0,0,1891111,904388,2481,9499,177,128,218116,0,0
17,temporal_mitigation-aarch64,68760,66128738,4,1,1,549572763162081,-4295879,121118412,4751,1339744,667341,0,1,1,0,0,1,0,0,0.113425,0.110092,0.114948,0.057487,0.058151,0.000147,0.000120,0.104390,209754,9545,410,518,32,22,4209,40,53,4501,524549,3082,9221,205,214,900133,2003,0
7,pulse_doppler-nb-aarch64,17496,384610439,512,36,25,549572547981271,-215180810,450192742,11801,6267806,90275,23,19,18,25,19,0,0,0,0.113425,0.110092,0.114948,0.057487,0.058151,0.000147,0.000120,0.104390,3968003,1214089,23632,44885,840,731,1071293,30775,41921,17702975,7908189,104785,88182,2145,2099,5160752,85125,27366
4,temporal_mitigation-noapi-aarch64,68888,40659323,0,0,0,549572912812274,364831003,99306542,0,0,0,0,0,0,0,0,0,0,0,0.113425,0.110092,0.114948,0.057487,0.058151,0.000147,0.000120,0.104390,0,0,0,0,0,0,0,0,0,1544148,904491,2624,9665,171,173,335519,0,0
18,temporal_mitigation-aarch64,68760,85596562,4,1,1,549572866500816,-46311458,152024220,15542,5231422,1733165,1,1,0,0,0,1,1,0,0.113425,0.110092,0.114948,0.057487,0.058151,0.000147,0.000120,0.104390,118120,9027,525,464,23,15,5759,230,385,2536335,902246,3155,10053,173,192,0,0,0
21,wifi-tx-nb-aarch64,62288,901510776,100,10,3,549572608158133,-258342683,951764958,12642,1101250,38335,3,2,2,2,2,0,0,0,0.113425,0.110092,0.114948,0.057487,0.058151,0.000147,0.000120,0.104390,793223,226769,4140,8840,304,209,236773,5474,6894,54062551,19229290,21381,403245,1283,951,23685575,18559,112469
22,wifi-tx-nb-aarch64,62288,895658262,100,10,2,549572778766110,170607977,981388868,12622,1192519,38557,2,2,2,2,2,0,0,0,0.113425,0.110092,0.114948,0.057487,0.058151,0.000147,0.000120,0.104390,693806,205404,5165,12218,361,347,216771,4865,6422,38183517,14032360,16391,428747,874,917,27123470,19037,105260
9,SAR_nb-aarch64,18024,3575816275,2305,511,127,549572599012950,-179753160,3605740285,8281,358556,34196,127,125,124,103,102,0,0,126,0.113425,0.110092,0.114948,0.057487,0.058151,0.000147,0.000120,0.104390,39852631,10215086,95388,226646,5042,2066,10987955,150800,152021,354071380,128131527,283841,1171843,18148,4002,129590124,206044,1077958
26,SAR-noapi-aarch64,21984,4842839093,0,0,0,549573043261448,444248498,4897175272,0,0,0,0,0,0,0,0,0,0,0,0.113425,0.110092,0.114948,0.057487,0.058151,0.000147,0.000120,0.104390,0,0,0,0,0,0,0,0,0,389961421,143071354,307098,1448401,19563,3801,142830354,230062,803644
27,SAR-noapi-aarch64,21984,5091966385,0,0,0,549573185717632,142456184,5189060706,0,0,0,0,0,0,0,0,0,0,0,0.113425,0.110092,0.114948,0.057487,0.058151,0.000147,0.000120,0.104390,0,0,0,0,0,0,0,0,0,379750161,140845454,265787,1483450,26941,3179,144639755,219415,758455
24,SAR-noapi-aarch64,21984,5783457356,0,0,0,549572758392924,-427324708,5815915030,0,0,0,0,0,0,0,0,0,0,0,0.113425,0.110092,0.114948,0.057487,0.058151,0.000147,0.000120,0.104390,0,0,0,0,0,0,0,0,0,379070176,140186665,220498,1431127,19223,2136,146875281,277616,773642
23,SAR-noapi-aarch64,21984,6186840301,0,0,0,549572615894866,-142498058,6238093283,0,0,0,0,0,0,0,0,0,0,0,0.113425,0.110092,0.114948,0.057487,0.058151,0.000147,0.000120,0.104390,0,0,0,0,0,0,0,0,0,392508655,144528884,303412,1442490,23053,2336,138709472,242364,760385
25,SAR-noapi-aarch64,21984,5909204471,0,0,0,549572900855849,284960983,5960414758,0,0,0,0,0,0,0,0,0,0,0,0.113425,0.110092,0.114948,0.057487,0.058151,0.000147,0.000120,0.104390,0,0,0,0,0,0,0,0,0,385622368,143672816,276892,1478110,12769,1930,147522211,272914,716286
10,SAR_nb-aarch64,18024,6048744543,2305,497,128,549572768941538,-131914311,6116711635,8411,4730993,41141,128,125,118,102,97,0,0,119,0.113425,0.110092,0.114948,0.057487,0.058151,0.000147,0.000120,0.104390,30629328,10539113,153279,269075,7185,2339,8686789,113417,126462,323155696,121800405,146309,1335833,15851,3878,129947009,325855,996506
8,SAR_nb-aarch64,18024,6628363747,2305,494,128,549572437579630,-331361908,6663213319,8220,11868706,67555,128,115,118,102,103,0,0,116,0.113425,0.110092,0.114948,0.057487,0.058151,0.000147,0.000120,0.104390,30300575,11314675,132665,217676,7522,2937,11334535,138665,111797,349153628,123904480,209654,1222691,17834,2702,131204597,253447,1028796
11,SAR_nb-aarch64,18024,6106413115,2305,509,128,549572938461476,500881846,6180477946,8491,5364646,60621,128,128,128,102,103,0,0,126,0.113425,0.110092,0.114948,0.057487,0.058151,0.000147,0.000120,0.104390,29096855,8192150,139237,263260,8584,2646,10869972,138891,127635,360411254,134299956,264105,1232045,9848,3440,123055750,289247,997340
29,track_nb-aarch64,277488,41711100657,24580,1024,208,549572845710869,-92750607,41759172280,75267,400319829,218922,206,205,205,208,205,0,0,1,0.113425,0.110092,0.114948,0.057487,0.058151,0.000147,0.000120,0.104390,1301504008,464606551,2966777,6364710,155385,30542,473695116,2946325,1781524,3498362420,1565322202,23732244,6423235,15352607,28322,1569497792,23565793,1742338
30,track_nb-aarch64,277488,43427540928,24580,1018,210,549572995712807,150001938,43513350442,75217,309013176,189715,205,210,205,205,208,0,0,1,0.113425,0.110092,0.114948,0.057487,0.058151,0.000147,0.000120,0.104390,1441091705,485152768,2995590,6417711,155528,29475,456194443,2912825,1774075,3568897618,1597659997,24176625,6556259,14976482,19360,1599360843,24442734,1914942
28,track_nb-aarch64,277488,43926685692,24580,1019,212,549572695755016,-299957791,43981595958,75518,314140298,198237,210,205,212,205,205,0,0,1,0.113425,0.110092,0.114948,0.057487,0.058151,0.000147,0.000120,0.104390,1460723619,466047117,3024674,6639963,152848,30371,448566642,3028248,1852041,3547408364,1606168891,23992925,6578031,14939202,23175,1595240830,24363611,1682816
32,track_nb-aarch64,277488,45027804663,24580,1022,208,549573295656286,599901270,45120431578,75317,429245289,218875,207,208,208,205,205,0,0,1,0.113425,0.110092,0.114948,0.057487,0.058151,0.000147,0.000120,0.104390,1371219261,445206202,3075127,6598862,154368,29740,430534751,2932967,1797738,3614275229,1597177934,24196261,6462835,15080461,12856,1594237185,24457891,1776748
31,track_nb-aarch64,277488,45300051074,24580,1017,205,549573145655279,-150001007,45395060917,75068,395565004,194095,205,205,205,205,205,0,0,1,0.113425,0.110092,0.114948,0.057487,0.058151,0.000147,0.000120,0.104390,1404796574,473381963,2993325,6507800,151362,28622,476042317,2884572,1804364,3580092159,1593069357,24548376,6455084,15087062,16651,1602472901,24099805,1797178
4,radar_correlator-aarch64,12952,8851665,3,1,1,549620279998650,0,27686637,105331,147655,125169,1,1,1,0,0,0,0,0,0.079460,0.071316,0.115443,0.045218,0.041293,0.000140,0.000000,0.052777,202059,64188,1022,1664,112,61,0,0,0,876214,350873,2999,4052,262,180,0,0,0
0,temporal_mitigation-noapi-aarch64,68888,32575285,0,0,0,549620333287115,53288465,61011976,0,0,0,0,0,0,0,0,0,0,0,0.079460,0.071316,0.115443,0.045218,0.041293,0.000140,0.000000,0.052777,0,0,0,0,0,0,0,0,0,2577348,912464,3838,9729,309,188,0,0,0
5,radar_correlator-aarch64,12952,79352449,3,1,1,549620398687869,65400754,108962678,68007,779968,456329,1,0,0,1,1,0,0,0,0.079460,0.071316,0.115443,0.045218,0.041293,0.000140,0.000000,0.052777,74668,24593,669,831,88,19,0,0,182,865538,346111,1995,3853,143,122,0,0,0
12,temporal_mitigation-aarch64,68760,93195681,4,1,1,549620394071958,-4615911,119450905,4540,1351405,676135,0,1,1,0,0,1,0,0,0.079460,0.071316,0.115443,0.045218,0.041293,0.000140,0.000000,0.052777,137149,11274,640,684,41,18,4076,0,0,701611,905215,4588,10367,445,264,652574,407,0
13,temporal_mitigation-aarch64,68760,18176956,4,1,1,549620505973789,111901831,44466993,4511,1374328,720052,0,1,1,0,0,1,0,0,0.079460,0.071316,0.115443,0.045218,0.041293,0.000140,0.000000,0.052777,187098,3306,98,241,14,2,9362,424,572,1681371,905262,2885,10418,80,126,282678,0,0
6,radar_correlator-aarch64,12952,10956244,3,1,1,549620517373128,11399339,63234778,41634,81799,67410,0,1,0,0,1,0,0,0,0.079460,0.071316,0.115443,0.045218,0.041293,0.000140,0.000000,0.052777,131004,60,1,89,3,3,42097,316,366,867361,346244,1894,3285,120,81,0,0,0
1,temporal_mitigation-noapi-aarch64,68888,57851021,0,0,0,549620523825513,6452385,108528734,0,0,0,0,0,0,0,0,0,0,0,0.079460,0.071316,0.115443,0.045218,0.041293,0.000140,0.000000,0.052777,0,0,0,0,0,0,0,0,0,2557723,904559,2307,9440,189,182,0,0,0
14,pulse_doppler-nb-aarch64,17496,282370884,512,20,20,549620404264947,-119560566,312742468,11551,4566196,57043,20,15,10,19,15,0,0,0,0.079460,0.071316,0.115443,0.045218,0.041293,0.000140,0.000000,0.052777,3206731,903295,24128,53723,601,240,1177408,20561,30593,12230961,4686876,77556,79232,1103,1582,7976516,111042,69736
24,radar_correlator-noapi-aarch64,13080,31314979,0,0,0,549620622738656,218473709,102390531,0,0,0,0,0,0,0,0,0,0,0,0.079460,0.071316,0.115443,0.045218,0.041293,0.000140,0.000000,0.052777,0,0,0,0,0,0,0,0,0,1056734,407205,2984,4558,258,143,0,0,0
7,radar_correlator-aarch64,12952,36743931,3,1,1,549620636059177,13320521,98584830,49274,81359,60236,0,1,0,1,1,0,0,0,0.079460,0.071316,0.115443,0.045218,0.041293,0.000140,0.000000,0.052777,3672,21133,319,604,17,6,21878,79,124,865756,346121,2100,3506,148,134,0,0,0
2,temporal_mitigation-noapi-aarch64,68888,44425229,0,0,0,549620717083193,81024016,100026754,0,0,0,0,0,0,0,0,0,0,0,0.079460,0.071316,0.115443,0.045218,0.041293,0.000140,0.000000,0.052777,0,0,0,0,0,0,0,0,0,2090132,904402,2486,9277,111,133,153092,0,0
8,radar_correlator-aarch64,12952,46304717,3,1,1,549620754779819,37696626,115783539,47145,48585,47715,0,0,0,1,1,0,0,0,0.079460,0.071316,0.115443,0.045218,0.041293,0.000140,0.000000,0.052777,3698,1178,254,292,16,11,3054,176,107,5557,375925,2177,4266,144,121,374123,0,0
25,radar_correlator-noapi-aarch64,13080,11353514,0,0,0,549620807651392,52871573,87976200,0,0,0,0,0,0,0,0,0,0,0,0.079460,0.071316,0.115443,0.045218,0.041293,0.000140,0.000000,0.052777,0,0,0,0,0,0,0,0,0,1204963,432865,1879,4584,85,99,0,0,0
19,wifi-tx-nb-aarch64,62288,406172684,100,10,2,549620553750623,-253900769,465292231,12891,362626,25668,2,2,2,2,2,0,0,0,0.079460,0.071316,0.115443,0.045218,0.041293,0.000140,0.000000,0.052777,659457,193683,5126,10612,262,142,220933,5502,6570,57096841,21989459,21181,441688,668,570,20635517,16088,83483
3,temporal_mitigation-noapi-aarch64,68888,44314637,0,0,0,549620904946083,351195460,122042384,0,0,0,0,0,0,0,0,0,0,0,0.079460,0.071316,0.115443,0.045218,0.041293,0.000140,0.000000,0.052777,0,0,0,0,0,0,0,0,0,1085097,904461,3208,9968,184,196,506570,0,0
26,radar_correlator-noapi-aarch64,13080,22108429,0,0,0,549620992560528,87614445,108115142,0,0,0,0,0,0,0,0,0,0,0,0.079460,0.071316,0.115443,0.045218,0.041293,0.000140,0.000000,0.052777,0,0,0,0,0,0,0,0,0,485112,404692,1918,4025,119,115,241285,0,0
15,pulse_doppler-nb-aarch64,17496,578105333,512,39,26,549620510883020,-481677508,633064334,11781,9027932,159507,26,22,24,25,20,0,0,0,0.079460,0.071316,0.115443,0.045218,0.041293,0.000140,0.000000,0.052777,2693098,928760,23466,59407,1346,530,1157265,29076,32265,11915524,3514928,30702,80395,3913,2807,9561366,117678,107014
27,radar_correlator-noapi-aarch64,13080,19179316,0,0,0,549621177471523,666588503,76472831,0,0,0,0,0,0,0,0,0,0,0,0.079460,0.071316,0.115443,0.045218,0.041293,0.000140,0.000000,0.052777,0,0,0,0,0,0,0,0,0,1091074,412714,1840,4956,132,120,0,0,0
16,pulse_doppler-nb-aarch64,17496,620199478,512,16,26,549620617493672,-559977851,661640369,11681,8116261,100662,24,21,26,22,21,0,0,0,0.079460,0.071316,0.115443,0.045218,0.041293,0.000140,0.000000,0.052777,3456731,1021846,26259,51266,1187,569,846079,30173,34735,10627698,5507507,46184,80902,1008,1528,8432276,107396,77234
17,pulse_doppler-nb-aarch64,17496,731208080,512,2,26,549620724126156,106632484,793282503,11581,7939964,245514,26,26,26,25,25,0,0,0,0.079460,0.071316,0.115443,0.045218,0.041293,0.000140,0.000000,0.052777,4227736,1222552,23048,46784,930,425,642411,27051,40786,13464593,6868801,108262,83126,2614,2060,5703942,41436,60228
18,pulse_doppler-nb-aarch64,17496,672395904,512,2,26,549620832086153,107959997,762953863,11581,7825232,235938,25,26,21,26,25,0,0,0,0.079460,0.071316,0.115443,0.045218,0.041293,0.000140,0.000000,0.052777,4305549,1179992,20364,45538,1082,482,631956,25276,39408,13872761,3363280,30952,65528,2210,2221,9925318,113114,111810
20,wifi-tx-nb-aarch64,62288,909486203,100,9,2,549620746504722,-85581431,965958136,12611,238204,20037,2,2,2,2,2,0,0,0,0.079460,0.071316,0.115443,0.045218,0.041293,0.000140,0.000000,0.052777,817039,235742,3601,8549,259,109,171075,4659,6653,55837560,20871132,20375,406050,1391,1538,24239756,21878,102939
28,SAR-noapi-aarch64,21984,4723088498,0,0,0,549620607597193,-138907529,4765109957,0,0,0,0,0,0,0,0,0,0,0,0.079460,0.071316,0.115443,0.045218,0.041293,0.000140,0.000000,0.052777,0,0,0,0,0,0,0,0,0,381703546,139034646,268751,1508895,18978,2477,142608226,252722,790734
22,SAR_nb-aarch64,18024,4708192240,2305,468,128,549620682094237,74497044,4778268121,8201,334483,34418,128,104,106,102,100,0,0,99,0.079460,0.071316,0.115443,0.045218,0.041293,0.000140,0.000000,0.052777,30433566,10459377,113039,204944,5113,1149,10474465,124704,126816,359790805,128596292,227478,1137633,7855,2394,131516058,308122,1291276
30,SAR-noapi-aarch64,21984,4877072143,0,0,0,549620810977424,128883187,4969205749,0,0,0,0,0,0,0,0,0,0,0,0.079460,0.071316,0.115443,0.045218,0.041293,0.000140,0.000000,0.052777,0,0,0,0,0,0,0,0,0,361885268,138654606,256344,1585693,13031,1580,148566637,292078,716711
29,SAR-noapi-aarch64,21984,5274987422,0,0,0,549620709238999,-101738425,5338038182,0,0,0,0,0,0,0,0,0,0,0,0.079460,0.071316,0.115443,0.045218,0.041293,0.000140,0.000000,0.052777,0,0,0,0,0,0,0,0,0,386883824,145069678,269493,1462108,20885,1718,141550045,211663,728948
31,SAR-noapi-aarch64,21984,5281094703,0,0,0,549620912516620,203277621,5352639871,0,0,0,0,0,0,0,0,0,0,0,0.079460,0.071316,0.115443,0.045218,0.041293,0.000140,0.000000,0.052777,0,0,0,0,0,0,0,0,0,390986857,139100310,208548,1493034,20154,1918,148605246,295696,707402
23,SAR_nb-aarch64,18024,5385586562,2305,482,128,549620822554611,-89962009,5479770873,8401,9821342,51477,128,128,128,91,99,0,0,118,0.079460,0.071316,0.115443,0.045218,0.041293,0.000140,0.000000,0.052777,33939400,11691938,116215,161523,6468,1495,10331297,128732,128995,320467164,125018903,280233,1281490,13542,2489,136524844,218254,1149997
21,SAR_nb-aarch64,18024,5956721739,2305,511,128,549620536894159,-285660452,6000241917,8361,7444544,49506,128,128,128,99,102,0,0,107,0.079460,0.071316,0.115443,0.045218,0.041293,0.000140,0.000000,0.052777,28000630,8242014,135367,241623,7240,1957,9849359,123853,139347,329107997,134489878,238739,1444536,10786,4036,125785180,275232,1067324
32,SAR-noapi-aarch64,21984,5628280902,0,0,0,549621014174707,477280548,5642891822,0,0,0,0,0,0,0,0,0,0,0,0.079460,0.071316,0.115443,0.045218,0.041293,0.000140,0.000000,0.052777,0,0,0,0,0,0,0,0,0,387266219,146806356,300659,1483091,12179,3748,141014547,322341,788577
11,track_nb-aarch64,277488,37206370016,24580,1023,205,549620670078366,-344096341,37262876002,75137,286656572,204681,205,205,205,205,205,0,0,1,0.079460,0.071316,0.115443,0.045218,0.041293,0.000140,0.000000,0.052777,1355364494,459447234,2880178,6570999,147604,19033,472269428,2757906,1693122,3602393583,1590908233,24262563,6359365,15384522,7384,1590815985,23882176,1718541
10,track_nb-aarch64,277488,37801676228,24580,1023,205,549620528906221,-141172145,37849250621,75097,298883853,205756,205,205,205,198,197,0,0,1,0.079460,0.071316,0.115443,0.045218,0.041293,0.000140,0.000000,0.052777,1494448173,474074182,2827975,6510329,151420,21268,445916449,2883291,1720317,3545728974,1609109532,24060522,6605361,14867891,11581,1598621588,24008251,1646891
9,track_nb-aarch64,277488,38410361546,24580,1016,205,549620394071958,-134834263,38437038232,75028,297496255,195626,205,205,205,205,205,0,0,1,0.079460,0.071316,0.115443,0.045218,0.041293,0.000140,0.000000,0.052777,1437327910,476876801,2663227,6278086,153849,19921,440514506,2837204,1804874,3529918587,1591632335,24099968,6556212,15137465,13018,1613107624,23969744,1762127
3,temporal_mitigation-noapi-aarch64,68888,89963279,0,0,0,549661225232914,0,125658175,0,0,0,0,0,0,0,0,0,0,0,0.115144,0.110456,0.115562,0.059422,0.057099,0.000141,0.000000,0.075721,0,0,0,0,0,0,0,0,0,589309,911355,3531,9400,277,156,695077,0,0
4,temporal_mitigation-noapi-aarch64,68888,63407705,0,0,0,549661357751995,132519081,128534212,0,0,0,0,0,0,0,0,0,0,0,0.115144,0.110456,0.115562,0.059422,0.057099,0.000141,0.000000,0.075721,0,0,0,0,0,0,0,0,0,1667670,904413,2473,8824,156,93,290882,0,0
11,temporal_mitigation-aarch64,68760,155409308,4,1,1,549661322552117,-35199878,182833319,4741,3836983,1299784,0,1,0,0,0,1,0,0,0.115144,0.110456,0.115562,0.059422,0.057099,0.000141,0.000000,0.075721,19807,6017,805,789,91,37,10766,320,0,2553264,910405,5027,10367,484,255,0,0,0
18,radar_correlator-noapi-aarch64,13080,40124890,0,0,0,549661457078719,134526602,97906083,0,0,0,0,0,0,0,0,0,0,0,0.115144,0.110456,0.115562,0.059422,0.057099,0.000141,0.000000,0.075721,0,0,0,0,0,0,0,0,0,1212565,436326,2753,5077,282,151,0,0,0
5,temporal_mitigation-noapi-aarch64,68888,20455093,0,0,0,549661481289008,24210289,83902603,0,0,0,0,0,0,0,0,0,0,0,0.115144,0.110456,0.115562,0.059422,0.057099,0.000141,0.000000,0.075721,0,0,0,0,0,0,0,0,0,851080,904587,2843,9623,146,132,592452,0,0
12,temporal_mitigation-aarch64,68760,55527698,4,1,1,549661457078719,-24210289,119033393,8311,1284879,330148,0,1,0,0,0,1,0,0,0.115144,0.110456,0.115562,0.059422,0.057099,0.000141,0.000000,0.075721,120759,4301,198,224,7,6,9788,299,476,2536236,902802,3558,9442,214,159,181,0,0
19,radar_correlator-noapi-aarch64,13080,38693356,0,0,0,549661548370741,91292022,91988591,0,0,0,0,0,0,0,0,0,0,0,0.115144,0.110456,0.115562,0.059422,0.057099,0.000141,0.000000,0.075721,0,0,0,0,0,0,0,0,0,1064759,433190,1814,4702,111,109,57925,0,0
25,radar_correlator-aarch64,12952,99520143,3,1,1,549661486803589,-61567152,178890644,64576,100750,84891,0,1,1,0,1,0,0,0,0.115144,0.110456,0.115562,0.059422,0.057099,0.000141,0.000000,0.075721,130949,22165,249,514,21,12,42100,290,175,1032631,380355,3311,4813,369,224,0,0,0
26,radar_correlator-aarch64,12952,67246599,3,1,1,549661625216849,138413260,152349312,82099,441854,216631,1,1,1,0,0,0,0,0,0.115144,0.110456,0.115562,0.059422,0.057099,0.000141,0.000000,0.075721,70907,59552,511,1317,24,4,39925,147,181,865789,346096,2047,3706,169,141,0,0,0
27,radar_correlator-aarch64,12952,39577934,3,1,1,549661745041401,119824552,56094465,80499,88849,84685,1,1,0,0,0,0,0,0,0.115144,0.110456,0.115562,0.059422,0.057099,0.000141,0.000000,0.075721,194046,51,313,904,27,8,60920,180,166,865902,346211,1993,3490,141,83,0,0,0
20,radar_correlator-noapi-aarch64,13080,27778516,0,0,0,549661688971959,-56069442,123960916,0,0,0,0,0,0,0,0,0,0,0,0.115144,0.110456,0.115562,0.059422,0.057099,0.000141,0.000000,0.075721,0,0,0,0,0,0,0,0,0,1050118,403413,1735,4074,95,59,0,0,0
6,pulse_doppler-nb-aarch64,17496,851407791,512,21,26,549661238236933,-450735026,870386397,11681,9500349,181141,25,26,26,25,25,0,0,0,0.115144,0.110456,0.115562,0.059422,0.057099,0.000141,0.000000,0.075721,3145771,929301,24438,59611,1435,970,1012276,25142,30137,18966254,7840755,86885,55091,1172,1393,6325540,85118,110906
15,wifi-tx-nb-aarch64,62288,742620591,100,10,3,549661551564510,313327577,816508353,13032,469267,26040,3,3,2,2,2,0,0,0,0.115144,0.110456,0.115562,0.059422,0.057099,0.000141,0.000000,0.075721,748925,174469,4368,11029,325,209,242390,4514,5852,52429648,20846466,23201,559115,1473,702,17018482,14921,125850
13,wifi-tx-nb-aarch64,62288,1060186461,100,10,3,549661331671389,-219893121,1083310411,12941,1152065,53124,2,2,2,2,3,0,0,0,0.115144,0.110456,0.115562,0.059422,0.057099,0.000141,0.000000,0.075721,620592,203684,5133,10340,230,156,231718,5948,7026,61520132,21212863,21519,381017,1200,834,22441863,24673,145404
14,wifi-tx-nb-aarch64,62288,1075201311,100,10,3,549661457078719,125407330,1134276804,12871,1047375,61650,2,2,2,3,2,0,0,0,0.115144,0.110456,0.115562,0.059422,0.057099,0.000141,0.000000,0.075721,645413,178051,4226,10827,301,199,217183,4521,6350,50643875,21871520,22300,502097,1282,897,21019527,17062,129157
17,wifi-tx-nb-aarch64,62288,832403481,100,10,3,549661771403265,314324546,906757521,13132,1499760,34867,2,2,3,3,2,0,0,0,0.115144,0.110456,0.115562,0.059422,0.057099,0.000141,0.000000,0.075721,680487,164463,4027,10885,290,160,242402,4369,5772,54221427,17287262,21012,452674,1041,772,21318046,25565,134694
16,wifi-tx-nb-aarch64,62288,955637194,100,10,3,549661663990263,-107413002,1014712087,12851,1106660,31491,3,2,2,2,2,0,0,0,0.115144,0.110456,0.115562,0.059422,0.057099,0.000141,0.000000,0.075721,734126,189011,4341,10039,324,168,264859,4450,6283,55057215,20604272,26572,393393,913,711,24663384,26356,144826
7,pulse_doppler-nb-aarch64,17496,1780136536,512,104,26,549661348133494,-315856769,1824238822,11881,9364726,305314,25,26,23,25,26,0,0,0,0.115144,0.110456,0.115562,0.059422,0.057099,0.000141,0.000000,0.075721,3329907,1003872,25287,57874,1514,913,1008917,22105,36609,9839174,6132702,79483,72007,2453,1885,8399224,68061,99818
8,pulse_doppler-nb-aarch64,17496,1725359883,512,97,26,549661460363207,112229713,1807574508,11561,7955265,293908,25,25,26,26,23,0,0,0,0.115144,0.110456,0.115562,0.059422,0.057099,0.000141,0.000000,0.075721,3649622,1016898,25355,54333,1401,836,693791,24214,37122,6012665,2830762,58736,101505,3528,1971,9124788,111489,19437
9,pulse_doppler-nb-aarch64,17496,1768702414,512,115,26,549661572788970,112425763,1837084417,11741,13240573,325382,26,25,24,25,24,0,0,0,0.115144,0.110456,0.115562,0.059422,0.057099,0.000141,0.000000,0.075721,4271034,1101534,23063,53449,1444,898,1105103,24065,36295,11309172,4719289,61383,102879,3872,2626,7078667,94797,16392
10,pulse_doppler-nb-aarch64,17496,1965281205,512,120,26,549661685375440,112586470,2052616581,11841,8165896,208698,26,26,26,25,25,0,0,0,0.115144,0.110456,0.115562,0.059422,0.057099,0.000141,0.000000,0.075721,3598018,934513,24127,56685,1496,782,883020,22818,34859,20405854,9436278,119369,68807,1045,778,3632692,71230,112879
0,SAR_nb-aarch64,18024,3727226894,2305,508,128,549661183984172,-501391268,3741354716,8401,8672767,53023,128,118,125,100,103,0,0,118,0.115144,0.110456,0.115562,0.059422,0.057099,0.000141,0.000000,0.075721,36868755,7737669,110057,222711,6722,2294,12977347,109644,109595,347772711,137100221,278385,1220300,14640,3178,133593698,281268,814433
2,SAR_nb-aarch64,18024,4348162587,2305,511,128,549661457078719,273094547,4411418907,8371,5301730,43663,128,128,128,103,102,0,0,115,0.115144,0.110456,0.115562,0.059422,0.057099,0.000141,0.000000,0.075721,28691682,9147117,155145,265614,5687,1912,10345284,129865,128253,316280178,126543887,179469,1421026,17823,3536,131193698,311405,802640
23,SAR-noapi-aarch64,21984,4574520803,0,0,0,549661667819176,210740457,4630438530,0,0,0,0,0,0,0,0,0,0,0,0.115144,0.110456,0.115562,0.059422,0.057099,0.000141,0.000000,0.075721,0,0,0,0,0,0,0,0,0,401415790,144396689,303840,1344792,13928,2006,145467280,287622,806142
21,SAR-noapi-aarch64,21984,4817732754,0,0,0,549661457078719,-210740457,4877128559,0,0,0,0,0,0,0,0,0,0,0,0.115144,0.110456,0.115562,0.059422,0.057099,0.000141,0.000000,0.075721,0,0,0,0,0,0,0,0,0,405474073,144292838,250865,1396091,14293,2946,139275248,279232,805069
1,SAR_nb-aarch64,18024,4996194016,2305,492,119,549661322552117,-134526602,5024363431,8301,5984048,50388,119,114,110,102,96,0,0,96,0.115144,0.110456,0.115562,0.059422,0.057099,0.000141,0.000000,0.075721,34147566,10071632,130635,297789,7232,2044,10030421,143335,114819,369564626,131232367,265958,1086104,18755,2527,129480153,196996,872511
24,SAR-noapi-aarch64,21984,4786456800,0,0,0,549661782910005,460357888,4924082901,0,0,0,0,0,0,0,0,0,0,0,0.115144,0.110456,0.115562,0.059422,0.057099,0.000141,0.000000,0.075721,0,0,0,0,0,0,0,0,0,397649817,149610882,337085,1511134,26546,2986,136151765,190670,835601
22,SAR-noapi-aarch64,21984,5081749104,0,0,0,549661552853699,-230056306,5165691541,0,0,0,0,0,0,0,0,0,0,0,0.115144,0.110456,0.115562,0.059422,0.057099,0.000141,0.000000,0.075721,0,0,0,0,0,0,0,0,0,354728345,143530419,296265,1445028,14964,2559,148829589,230781,734925
28,track_nb-aarch64,277488,42315324328,24580,1023,214,549661625216849,72363150,42372309032,75127,338304442,204008,207,208,214,206,205,0,0,1,0.115144,0.110456,0.115562,0.059422,0.057099,0.000141,0.000000,0.075721,1360208901,443837127,2936098,6394178,155286,26332,449624226,2763454,1886209,3574558812,1606392227,24058254,6544715,14982288,12273,1597662446,24032631,2017508
31,track_nb-aarch64,277488,42751604511,24580,1014,208,549662063500271,438283422,42813093615,75357,342953777,191703,207,205,206,205,208,0,0,1,0.115144,0.110456,0.115562,0.059422,0.057099,0.000141,0.000000,0.075721,1420235148,483249020,2729055,6697453,147592,25951,471753065,2887917,1744097,3548141297,1596319012,24193888,6572756,15156685,11560,1593448323,24467790,2121196
30,track_nb-aarch64,277488,43123125462,24580,1014,214,549661911986812,-151513459,43187664701,75377,309350400,193627,209,214,210,210,206,0,0,1,0.115144,0.110456,0.115562,0.059422,0.057099,0.000141,0.000000,0.075721,1370792053,433537425,2891670,6509508,152024,27452,450682209,2870680,1797769,3551495345,1601087572,24336983,6513242,15340487,15714,1590081553,23728681,1997058
29,track_nb-aarch64,277488,43724144215,24580,1023,210,549661760489295,-151497517,43789722877,75377,289810147,184815,205,210,205,205,210,0,0,1,0.115144,0.110456,0.115562,0.059422,0.057099,0.000141,0.000000,0.075721,1454651898,488098754,2923961,6483858,150727,26033,476275464,2827828,1699124,3570715951,1581139885,23952087,6476278,15102759,18474,1601220839,24327329,1819076
32,track_nb-aarch64,277488,45014050218,24580,1022,205,549662215121991,454632696,45114319906,75108,381917970,184864,205,205,205,205,205,0,0,1,0.115144,0.110456,0.115562,0.059422,0.057099,0.000141,0.000000,0.075721,1409802386,494561838,2978042,6775635,147164,25780,481179285,2738111,1670528,3563823778,1596786458,23873757,6397008,14954859,10020,1611988026,24410655,2130399
0,radar_correlator-aarch64,12952,59635619,3,1,1,549709215781935,0,74309925,115742,759676,332437,1,1,1,0,0,0,0,0,0.065542,0.061258,0.071003,0.029830,0.033492,0.000127,0.000785,0.040747,202066,64186,1055,1653,107,63,0,0,0,876397,351041,3229,4479,366,218,0,0,0
7,temporal_mitigation-aarch64,68760,76194393,4,1,1,549709288802191,73020256,102424014,5680,1345864,366036,1,1,0,0,0,1,1,0,0.065542,0.061258,0.071003,0.029830,0.033492,0.000127,0.000785,0.040747,59929,11182,705,755,77,37,797,30,0,2541673,909835,4503,10375,378,232,4797,0,0
1,radar_correlator-aarch64,12952,11711820,3,1,1,549709391024355,102222164,42522048,52756,110401,76881,0,0,1,1,1,0,0,0,0.065542,0.061258,0.071003,0.029830,0.033492,0.000127,0.000785,0.040747,12509,23415,500,729,60,21,18407,0,0,5266,346080,1923,3658,106,129,344245,0,0
8,temporal_mitigation-aarch64,68760,36905947,4,1,1,549709471093675,80069320,114104671,87098,1872927,896594,0,0,1,0,0,1,0,0,0.065542,0.061258,0.071003,0.029830,0.033492,0.000127,0.000785,0.040747,138335,2708,130,192,52,19,9966,571,528,2533429,901703,3136,10238,194,240,0,0,0
25,radar_correlator-noapi-aarch64,13080,22236501,0,0,0,549709496444658,25350983,114787439,0,0,0,0,0,0,0,0,0,0,0,0.065542,0.061258,0.071003,0.029830,0.033492,0.000127,0.000785,0.040747,0,0,0,0,0,0,0,0,0,1210946,436466,2873,5160,262,143,0,0,0
27,temporal_mitigation-noapi-aarch64,68888,49031589,0,0,0,549709494483542,-1961116,136075396,0,0,0,0,0,0,0,0,0,0,0,0.065542,0.061258,0.071003,0.029830,0.033492,0.000127,0.000785,0.040747,0,0,0,0,0,0,0,0,0,2570880,910841,3829,9770,397,238,0,0,0
28,temporal_mitigation-noapi-aarch64,68888,15625721,0,0,0,549709597564142,103080600,79519035,0,0,0,0,0,0,0,0,0,0,0,0.065542,0.061258,0.071003,0.029830,0.033492,0.000127,0.000785,0.040747,0,0,0,0,0,0,0,0,0,1114302,905048,2410,9350,99,135,496685,0,0
26,radar_correlator-noapi-aarch64,13080,28335891,0,0,0,549709667973447,70409305,96515013,0,0,0,0,0,0,0,0,0,0,0,0.065542,0.061258,0.071003,0.029830,0.033492,0.000127,0.000785,0.040747,0,0,0,0,0,0,0,0,0,834704,403029,1942,4129,126,84,85855,0,0
29,temporal_mitigation-noapi-aarch64,68888,56891755,0,0,0,549709700924959,32951512,122788729,0,0,0,0,0,0,0,0,0,0,0,0.065542,0.061258,0.071003,0.029830,0.033492,0.000127,0.000785,0.040747,0,0,0,0,0,0,0,0,0,2557159,904424,2886,9469,156,200,0,0,0
9,temporal_mitigation-aarch64,68760,108028264,4,1,1,549709653353806,-47571153,178909736,13462,24589047,6534463,0,0,0,0,0,1,1,0,0.065542,0.061258,0.071003,0.029830,0.033492,0.000127,0.000785,0.040747,235867,13791,717,729,66,24,6826,0,397,2509152,902668,4327,10126,289,290,9717,0,0
30,temporal_mitigation-noapi-aarch64,68888,79018935,0,0,0,549709818798317,165444511,159869633,0,0,0,0,0,0,0,0,0,0,0,0.065542,0.061258,0.071003,0.029830,0.033492,0.000127,0.000785,0.040747,0,0,0,0,0,0,0,0,0,3838,904442,2311,9164,155,164,903188,0,0
10,temporal_mitigation-aarch64,68760,87825025,4,1,1,549709835627968,16829651,149694547,15252,1594419,785936,0,1,1,0,0,1,1,0,0.065542,0.061258,0.071003,0.029830,0.033492,0.000127,0.000785,0.040747,118651,6370,351,355,28,23,6302,509,354,2533665,901934,3404,9817,173,179,0,0,0
13,wifi-tx-nb-aarch64,62288,678292483,100,10,2,549709328994247,-506633721,705864388,12601,6599289,97611,2,2,2,2,2,0,0,0,0.065542,0.061258,0.071003,0.029830,0.033492,0.000127,0.000785,0.040747,692436,202978,5682,11885,457,196,172409,4560,6493,69556412,21585655,22001,427726,1262,910,17247469,17700,111674
17,pulse_doppler-nb-aarch64,17496,757292737,512,2,26,549709424200490,95206243,833694540,11921,10461815,125057,26,26,21,25,26,0,0,0,0.065542,0.061258,0.071003,0.029830,0.033492,0.000127,0.000785,0.040747,3565782,1028442,30194,62166,1453,801,867034,27065,36160,14189324,7000411,48929,88950,2388,2895,7658097,109857,81791
14,wifi-tx-nb-aarch64,62288,822405252,100,10,2,549709442217380,18016890,889219038,12921,891149,34354,2,2,2,2,2,0,0,0,0.065542,0.061258,0.071003,0.029830,0.033492,0.000127,0.000785,0.040747,790079,232911,5337,10915,255,117,182037,4763,6232,48981480,16670431,20469,434799,1097,859,24178160,19202,110987
18,pulse_doppler-nb-aarch64,17496,815950008,512,20,25,549709611350999,169133619,892534610,11821,8823791,118864,25,24,25,24,25,0,0,0,0.065542,0.061258,0.071003,0.029830,0.033492,0.000127,0.000785,0.040747,3901388,901050,21586,53369,1666,943,1108199,24872,36042,8768522,3777698,86659,96325,2224,2171,8413686,108593,73479
19,pulse_doppler-nb-aarch64,17496,702686280,512,31,25,549709818798317,207447318,775495285,11711,5936323,153984,22,25,25,21,25,0,0,0,0.065542,0.061258,0.071003,0.029830,0.033492,0.000127,0.000785,0.040747,3254326,793359,25017,53978,1287,790,1032022,27074,33438,13782600,7799663,104515,67414,1434,1603,8819190,111107,105643
15,wifi-tx-nb-aarch64,62288,1036932147,100,10,2,549709555449234,-263349083,1085322982,12991,1100250,34674,2,2,2,2,2,0,0,0,0.065542,0.061258,0.071003,0.029830,0.033492,0.000127,0.000785,0.040747,663254,178040,5374,12215,384,165,178142,4988,5597,61910678,23279805,19596,474494,1244,1056,17508859,16651,131087
16,wifi-tx-nb-aarch64,62288,1006437500,100,10,3,549709668662356,113213122,1078290089,12781,1065217,33395,2,2,2,3,2,0,0,0,0.065542,0.061258,0.071003,0.029830,0.033492,0.000127,0.000785,0.040747,632487,196665,5138,11067,395,216,202001,4936,6162,55790798,22104802,16319,389392,1059,1210,24703161,21848,136597
20,SAR-noapi-aarch64,21984,3982927793,0,0,0,549709473784134,-194878222,4058505164,0,0,0,0,0,0,0,0,0,0,0,0.065542,0.061258,0.071003,0.029830,0.033492,0.000127,0.000785,0.040747,0,0,0,0,0,0,0,0,0,405918256,143800186,290106,1360920,23057,2453,141482177,249415,738825
22,SAR-noapi-aarch64,21984,4488153004,0,0,0,549709845078643,371294509,4599348664,0,0,0,0,0,0,0,0,0,0,0,0.065542,0.061258,0.071003,0.029830,0.033492,0.000127,0.000785,0.040747,0,0,0,0,0,0,0,0,0,403789188,137170809,250888,1273027,25783,3850,144560501,251130,805776
21,SAR-noapi-aarch64,21984,4846349694,0,0,0,549709659421672,-185656971,4922851898,0,0,0,0,0,0,0,0,0,0,0,0.065542,0.061258,0.071003,0.029830,0.033492,0.000127,0.000785,0.040747,0,0,0,0,0,0,0,0,0,355961971,137949900,239901,1630278,15351,1758,140093786,262131,685141
23,SAR-noapi-aarch64,21984,5444556424,0,0,0,549710030771777,371350105,5548492759,0,0,0,0,0,0,0,0,0,0,0,0.065542,0.061258,0.071003,0.029830,0.033492,0.000127,0.000785,0.040747,0,0,0,0,0,0,0,0,0,390353389,143447823,248260,1465355,15627,1541,142357204,281337,814573
3,SAR_nb-aarch64,18024,6631165148,2305,470,133,549709330311068,-700460709,6674138892,8501,9905229,46220,133,128,129,104,104,0,0,102,0.065542,0.061258,0.071003,0.029830,0.033492,0.000127,0.000785,0.040747,33833942,10637413,126865,275147,7647,1380,8296505,115199,129060,355217873,132614380,342628,1213854,17253,2172,128879687,208829,992582
24,SAR-noapi-aarch64,21984,5922816601,0,0,0,549710216393463,886082395,6010872600,0,0,0,0,0,0,0,0,0,0,0,0.065542,0.061258,0.071003,0.029830,0.033492,0.000127,0.000785,0.040747,0,0,0,0,0,0,0,0,0,397742370,139449144,295597,1311176,13959,2411,151302639,285532,762648
5,SAR_nb-aarch64,18024,6592674221,2305,471,128,549709605096444,-611297019,6674246892,8431,14913100,50953,128,128,128,102,102,0,0,93,0.065542,0.061258,0.071003,0.029830,0.033492,0.000127,0.000785,0.040747,31744521,13663766,123122,288899,7622,1022,10577340,94321,132429,331732061,122938378,325670,1288278,16785,2023,126724828,212865,1058456
4,SAR_nb-aarch64,18024,6861010963,2305,506,128,549709467683804,-137412640,6932037100,8361,1725022,44288,128,128,128,102,103,0,0,125,0.065542,0.061258,0.071003,0.029830,0.033492,0.000127,0.000785,0.040747,29799005,11969101,109438,257059,7663,1575,11696802,106739,132030,350737253,138139479,293155,1293874,18167,2630,127146110,216237,1109857
2,SAR_nb-aarch64,18024,7350080190,2305,504,128,549709215781935,-251901869,7369249485,8461,10045983,60128,128,128,128,102,103,0,0,128,0.065542,0.061258,0.071003,0.029830,0.033492,0.000127,0.000785,0.040747,29205622,9968871,127581,311523,8942,1632,10013500,116554,104500,344592893,132357078,262059,1263261,19092,3131,130948787,258632,1006227
6,SAR_nb-aarch64,18024,6771867516,2305,503,128,549709742428696,526646761,6902202259,8211,12957345,61583,111,105,128,101,102,0,0,103,0.065542,0.061258,0.071003,0.029830,0.033492,0.000127,0.000785,0.040747,31308055,11669654,140167,278220,8100,1526,10132846,130562,130788,302192909,121210349,340949,1334570,17855,2728,137118225,191461,937034
11,track_nb-aarch64,277488,35051845362,24580,1023,210,549709312379407,-430049289,35083099495,75138,290212628,209632,205,210,205,204,205,0,0,1,0.065542,0.061258,0.071003,0.029830,0.033492,0.000127,0.000785,0.040747,1328432094,465925854,2950609,6697826,146113,17112,446007919,2888398,1682498,3580030027,1609938058,23938201,6474092,15338877,11148,1591650165,23649233,1959543
12,track_nb-aarch64,277488,35048021970,24580,1017,205,549709443085127,130705720,35114382190,75098,276939311,190306,205,205,205,205,204,0,0,1,0.065542,0.061258,0.071003,0.029830,0.033492,0.000127,0.000785,0.040747,1398469291,466073364,3021309,6496870,143366,16962,467771521,2915526,1880172,3557577759,1596992765,23828627,6412542,15117021,9207,1615679307,24002045,1773512
0,temporal_mitigation-noapi-aarch64,68888,96615833,0,0,0,549746030527311,0,115014572,0,0,0,0,0,0,0,0,0,0,0,0.107694,0.098840,0.102387,0.048710,0.053458,0.000176,0.000005,0.075457,0,0,0,0,0,0,0,0,0,1187157,911359,3776,9490,308,255,475754,0,0
1,temporal_mitigation-noapi-aarch64,68888,58332199,0,0,0,549746163359204,132831893,101503112,0,0,0,0,0,0,0,0,0,0,0,0.107694,0.098840,0.102387,0.048710,0.053458,0.000176,0.000005,0.075457,0,0,0,0,0,0,0,0,0,7664,904403,2304,8570,149,123,901658,0,0
11,radar_correlator-aarch64,12952,61661511,3,1,1,549746166496897,3137693,102993581,479338,8685788,3230846,1,1,0,0,0,0,0,0,0.107694,0.098840,0.102387,0.048710,0.053458,0.000176,0.000005,0.075457,127796,40358,516,1410,49,35,20996,213,248,5443,299851,2744,4385,244,170,348464,738,0
9,temporal_mitigation-aarch64,68760,64979292,4,1,1,549746163359204,-3137693,107847145,12232,236924,117109,0,1,1,0,0,1,1,0,0.107694,0.098840,0.102387,0.048710,0.053458,0.000176,0.000005,0.075457,29550,11537,611,694,57,39,4574,51,0,76195,908858,4303,9575,272,190,880758,0,0
12,radar_correlator-aarch64,12952,18252964,3,1,1,549746282846162,119486958,83570801,82058,115002,93726,1,0,1,0,0,0,0,0,0.107694,0.098840,0.102387,0.048710,0.053458,0.000176,0.000005,0.075457,680,13782,527,1358,26,19,60920,380,0,358093,346250,1916,3681,144,106,231008,0,0
18,radar_correlator-noapi-aarch64,13080,10875217,0,0,0,549746284382936,1536774,82949848,0,0,0,0,0,0,0,0,0,0,0,0.107694,0.098840,0.102387,0.048710,0.053458,0.000176,0.000005,0.075457,0,0,0,0,0,0,0,0,0,511905,407051,2770,4844,229,111,232377,0,0
2,temporal_mitigation-noapi-aarch64,68888,42939241,0,0,0,549746289799717,5416781,111848956,0,0,0,0,0,0,0,0,0,0,0,0.107694,0.098840,0.102387,0.048710,0.053458,0.000176,0.000005,0.075457,0,0,0,0,0,0,0,0,0,993056,904489,2959,9955,236,196,540427,0,0
10,temporal_mitigation-aarch64,68760,52050481,4,1,1,549746294400597,4600880,122322152,8871,5580468,1723780,0,1,0,0,0,1,0,0,0.107694,0.098840,0.102387,0.048710,0.053458,0.000176,0.000005,0.075457,236505,7299,18,176,5,35,10513,603,768,2533287,901734,3283,9532,227,217,0,0,0
13,radar_correlator-aarch64,12952,29356523,3,1,1,549746399376016,104975419,93004222,79598,86439,82358,1,1,1,0,0,0,0,0,0.107694,0.098840,0.102387,0.048710,0.053458,0.000176,0.000005,0.075457,194080,60933,481,873,13,7,20992,0,352,865881,346177,1847,3487,129,159,0,0,0
19,radar_correlator-noapi-aarch64,13080,35922379,0,0,0,549746442305145,42929129,86995322,0,0,0,0,0,0,0,0,0,0,0,0.107694,0.098840,0.102387,0.048710,0.053458,0.000176,0.000005,0.075457,0,0,0,0,0,0,0,0,0,1050243,403458,1829,4199,99,100,0,0,0
3,temporal_mitigation-noapi-aarch64,68888,53193024,0,0,0,549746419528819,-22776326,112564527,0,0,0,0,0,0,0,0,0,0,0,0.107694,0.098840,0.102387,0.048710,0.053458,0.000176,0.000005,0.075457,0,0,0,0,0,0,0,0,0,2552566,904425,2433,9011,184,170,1710,0,0
14,radar_correlator-aarch64,12952,34413499,3,1,1,549746515903159,96374340,87970080,56116,81829,65443,0,0,1,1,0,0,0,0,0.107694,0.098840,0.102387,0.048710,0.053458,0.000176,0.000005,0.075457,748,48,198,677,33,20,23020,356,187,663253,346173,2001,3837,160,195,101456,0,0
15,pulse_doppler-nb-aarch64,17496,367270156,512,36,26,549746239912833,-275990326,407683094,11712,6002909,76716,25,21,23,26,19,0,0,0,0.107694,0.098840,0.102387,0.048710,0.053458,0.000176,0.000005,0.075457,2698554,768102,24842,66898,1439,1035,1223316,24849,37531,12219866,6306346,30152,67956,1178,2586,10110454,115677,109226
4,temporal_mitigation-noapi-aarch64,68888,41721439,0,0,0,549746549257161,309344328,125014972,0,0,0,0,0,0,0,0,0,0,0,0.107694,0.098840,0.102387,0.048710,0.053458,0.000176,0.000005,0.075457,0,0,0,0,0,0,0,0,0,1486121,905555,2302,9092,158,159,360894,0,0
7,wifi-tx-nb-aarch64,62288,675098294,100,10,2,549746126472148,-422785013,708214883,12771,19211329,245110,2,2,2,2,2,0,0,0,0.107694,0.098840,0.102387,0.048710,0.053458,0.000176,0.000005,0.075457,624676,155713,5497,12460,529,266,195737,4690,5847,51823897,20264703,21756,436868,1071,1223,23158005,20617,108087
8,wifi-tx-nb-aarch64,62288,563024216,100,9,3,549746273510910,147038762,610815401,12781,3839364,73993,2,2,2,2,3,0,0,0,0.107694,0.098840,0.102387,0.048710,0.053458,0.000176,0.000005,0.075457,620019,164112,4156,10720,260,152,212565,4950,6851,63959868,19775994,20272,358951,856,1298,22620099,22028,108068
16,pulse_doppler-nb-aarch64,17496,480570998,512,29,26,549746360202902,86691992,530357782,11771,4571427,132533,26,25,23,26,24,0,0,0,0.107694,0.098840,0.102387,0.048710,0.053458,0.000176,0.000005,0.075457,3777241,1007879,20308,40565,868,982,1027053,30302,46353,8840635,6405072,45395,104084,1735,2703,8337241,87110,52158
17,pulse_doppler-nb-aarch64,17496,521262184,512,98,26,549746495277398,135074496,569917555,11422,7700719,147303,21,24,26,22,24,0,0,0,0.107694,0.098840,0.102387,0.048710,0.053458,0.000176,0.000005,0.075457,3603525,995846,22152,43185,828,985,1254667,30709,47923,9514962,4361816,50961,80897,1773,2553,10136005,106406,53344
5,SAR-noapi-aarch64,21984,3112286211,0,0,0,549746074412206,-420865192,3140235764,0,0,0,0,0,0,0,0,0,0,0,0.107694,0.098840,0.102387,0.048710,0.053458,0.000176,0.000005,0.075457,0,0,0,0,0,0,0,0,0,384922322,138062359,251408,1419445,21273,5271,154472917,314855,919343
20,SAR_nb-aarch64,18024,3119714403,2305,511,125,549746279007809,204595603,3162449333,8281,840874,36747,125,120,123,99,99,0,0,119,0.107694,0.098840,0.102387,0.048710,0.053458,0.000176,0.000005,0.075457,30482294,8456359,136299,281166,6127,1345,9579454,160107,110173,337273910,135240853,268195,1273456,8692,4615,131718477,286609,892981
6,SAR-noapi-aarch64,21984,3762124451,0,0,0,549746239912833,-39094976,3799720777,0,0,0,0,0,0,0,0,0,0,0,0.107694,0.098840,0.102387,0.048710,0.053458,0.000176,0.000005,0.075457,0,0,0,0,0,0,0,0,0,375499858,139068901,235414,1483481,22540,3882,149888224,315961,746235
24,SAR_nb-aarch64,18024,4169209266,2305,336,128,549746741667157,501754324,4228237973,8501,3366997,46859,128,128,128,88,97,0,0,110,0.107694,0.098840,0.102387,0.048710,0.053458,0.000176,0.000005,0.075457,27734375,11371405,141479,294730,8048,1452,8956365,134841,132062,334392188,127981021,290899,1222624,22843,4909,134746729,284618,808032
22,SAR_nb-aarch64,18024,4811138265,2305,510,128,549746510338793,-231328364,4864399197,8481,3531513,48838,128,128,128,95,91,0,0,111,0.107694,0.098840,0.102387,0.048710,0.053458,0.000176,0.000005,0.075457,35216777,9051862,140558,262219,6029,2385,11528484,139331,149434,333955333,125864306,223782,1212541,7719,3846,137284231,312304,796164
21,SAR_nb-aarch64,18024,5110561903,2305,488,128,549746394673746,-115665047,5154438417,8471,10305050,54659,128,128,128,102,102,0,0,96,0.107694,0.098840,0.102387,0.048710,0.053458,0.000176,0.000005,0.075457,31164952,10906329,134270,282768,7836,2115,10079118,105841,143397,318477727,116187348,183213,1428338,14152,3571,129671089,290600,778094
23,SAR_nb-aarch64,18024,5295246397,2305,470,128,549746626007670,231333924,5359661633,8391,12884377,67803,128,128,128,84,83,0,0,93,0.107694,0.098840,0.102387,0.048710,0.053458,0.000176,0.000005,0.075457,31263216,11179394,142176,245378,7509,2473,10003555,115536,141224,333931298,127568446,293918,1307335,19835,3301,132551681,276598,866611
25,track_nb-aarch64,277488,38431437491,24580,1018,208,549746393144663,-232863007,38504433995,74987,292712647,196119,208,205,206,205,205,0,0,1,0.107694,0.098840,0.102387,0.048710,0.053458,0.000176,0.000005,0.075457,1461307290,472210594,2994586,6450282,151338,26110,474506460,3030728,1846766,3544749173,1586666573,24339612,6470073,15118513,18039,1617124928,24248795,1960701
27,track_nb-aarch64,277488,38984927375,24580,1022,207,549746699650248,306505585,39043526400,75058,330220785,197644,206,207,205,205,205,0,0,1,0.107694,0.098840,0.102387,0.048710,0.053458,0.000176,0.000005,0.075457,1376204025,478505930,2962039,6507840,150967,24877,466984033,2934753,1781628,3455030069,1546749911,23664779,6322163,15469159,14788,1590427900,23573167,1874919
26,track_nb-aarch64,277488,39548057211,24580,1021,205,549746546401676,-153248572,39595862068,75247,288051981,183562,205,205,205,205,205,0,0,1,0.107694,0.098840,0.102387,0.048710,0.053458,0.000176,0.000005,0.075457,1327016159,440522986,3031025,6816050,148059,25259,486080115,2944928,1899958,3580338678,1597772789,24460160,6410795,15257057,11205,1600453208,23943102,2131476
28,track_nb-aarch64,277488,39493506611,24580,1017,205,549746852899791,306498115,39567016575,75157,355450476,188739,205,205,205,205,205,0,0,1,0.107694,0.098840,0.102387,0.048710,0.053458,0.000176,0.000005,0.075457,1359946083,455743264,2923482,6652342,146659,24887,458256651,3065574,1846394,3543599095,1581691605,24121671,6551369,15107307,13403,1607496842,24294794,1828716
8,temporal_mitigation-aarch64,68760,85475540,4,1,1,549788959606415,0,102730484,11301,1339233,670936,0,1,0,0,0,1,0,0,0.096819,0.100671,0.102856,0.047769,0.049178,0.000162,0.000003,0.083596,170220,11191,659,699,52,12,2309,0,0,2551960,910135,4625,10079,322,223,0,0,0
13,temporal_mitigation-noapi-aarch64,68888,68120656,0,0,0,549789009979178,50372763,104550596,0,0,0,0,0,0,0,0,0,0,0,0.096819,0.100671,0.102856,0.047769,0.049178,0.000162,0.000003,0.083596,0,0,0,0,0,0,0,0,0,2570897,910891,3704,9438,313,177,0,0,0
9,temporal_mitigation-aarch64,68760,30507738,4,1,1,549789086742678,76763500,53088434,11152,29443,16226,0,1,1,0,0,1,0,0,0.096819,0.100671,0.102856,0.047769,0.049178,0.000162,0.000003,0.083596,37427,10691,334,492,3,3,2288,330,442,721773,902614,3623,10056,183,219,638032,0,0
0,pulse_doppler-nb-aarch64,17496,273898117,512,2,26,549788921042972,-165699706,292443180,11741,7140524,127648,26,20,25,25,19,0,0,0,0.096819,0.100671,0.102856,0.047769,0.049178,0.000162,0.000003,0.083596,4306023,1085475,22279,47057,1137,1078,904179,24671,44692,14086740,5623371,51388,75895,1369,2436,7615458,108564,75027
23,radar_correlator-aarch64,12952,53627908,3,1,1,549789131925022,210882050,89960349,86649,629843,269787,0,1,1,1,0,0,0,0,0.096819,0.100671,0.102856,0.047769,0.049178,0.000162,0.000003,0.083596,68327,41855,365,936,25,12,1916,290,546,873559,349681,3051,4200,325,222,0,0,0
14,temporal_mitigation-noapi-aarch64,68888,42528370,0,0,0,549789156040682,24115660,79480642,0,0,0,0,0,0,0,0,0,0,0,0.096819,0.100671,0.102856,0.047769,0.049178,0.000162,0.000003,0.083596,0,0,0,0,0,0,0,0,0,2557168,904416,2652,9540,144,196,0,0,0
29,radar_correlator-noapi-aarch64,13080,34623030,0,0,0,549789214999333,58958651,81746478,0,0,0,0,0,0,0,0,0,0,0,0.096819,0.100671,0.102856,0.047769,0.049178,0.000162,0.000003,0.083596,0,0,0,0,0,0,0,0,0,1058101,407167,2668,4550,252,124,0,0,0
10,temporal_mitigation-aarch64,68760,59004485,4,1,1,549789209858369,-5140964,110871248,107091,1334984,902913,1,0,0,0,0,1,1,0,0.096819,0.100671,0.102856,0.047769,0.049178,0.000162,0.000003,0.083596,20898,4831,107,617,33,21,9116,438,618,2540444,903864,3196,9754,210,214,0,0,0
24,radar_correlator-aarch64,12952,17407460,3,1,1,549789262102249,52243880,92487442,46385,79147,57502,0,1,0,1,0,0,0,0,0.096819,0.100671,0.102856,0.047769,0.049178,0.000162,0.000003,0.083596,8233,3080,311,619,5,4,19964,309,229,865657,346193,1975,3553,96,125,0,0,0
30,radar_correlator-noapi-aarch64,13080,43537930,0,0,0,549789320117716,58015467,100809803,0,0,0,0,0,0,0,0,0,0,0,0.096819,0.100671,0.102856,0.047769,0.049178,0.000162,0.000003,0.083596,0,0,0,0,0,0,0,0,0,1047839,403152,2009,4637,144,179,0,0,0
11,temporal_mitigation-aarch64,68760,53809927,4,1,1,549789335018775,14901059,125522252,7961,1321852,339701,0,1,1,0,0,1,0,0,0.096819,0.100671,0.102856,0.047769,0.049178,0.000162,0.000003,0.083596,79938,5583,129,357,10,9,4353,336,560,470837,902595,3219,9467,220,258,730012,0,0
31,radar_correlator-noapi-aarch64,13080,15042833,0,0,0,549789424832399,89813624,56706016,0,0,0,0,0,0,0,0,0,0,0,0.096819,0.100671,0.102856,0.047769,0.049178,0.000162,0.000003,0.083596,0,0,0,0,0,0,0,0,0,1205640,433192,1902,4679,106,131,0,0,0
1,pulse_doppler-nb-aarch64,17496,395078775,512,93,26,549789080608275,-344224124,409310257,11781,2716371,139984,23,25,26,21,25,0,0,0,0.096819,0.100671,0.102856,0.047769,0.049178,0.000162,0.000003,0.083596,3807792,1101783,30848,60311,1190,979,823805,28800,46474,14038354,5249200,56248,76079,1978,3250,8047099,112270,98084
12,temporal_mitigation-aarch64,68760,73354120,4,1,1,549789460105263,379496988,140570366,11171,24883,15344,0,1,1,0,0,1,1,0,0.096819,0.100671,0.102856,0.047769,0.049178,0.000162,0.000003,0.083596,33634,12670,317,333,15,14,5845,91,127,2533351,901753,3133,9658,196,233,0,0,0
32,radar_correlator-noapi-aarch64,13080,28806248,0,0,0,549789529747112,69641849,82521415,0,0,0,0,0,0,0,0,0,0,0,0.096819,0.100671,0.102856,0.047769,0.049178,0.000162,0.000003,0.083596,0,0,0,0,0,0,0,0,0,932007,403080,2019,4430,130,148,45414,0,0
15,wifi-tx-nb-aarch64,62288,589682999,100,10,3,549789043141692,-486605420,621824630,12681,1205921,40006,3,2,2,2,2,0,0,0,0.096819,0.100671,0.102856,0.047769,0.049178,0.000162,0.000003,0.083596,693687,264158,5253,10011,262,199,233833,5114,7488,62460815,21864302,26645,409755,1077,1057,21343074,24529,125465
2,pulse_doppler-nb-aarch64,17496,750229281,512,65,19,549789255302200,212160508,827366948,11771,7329752,124161,19,12,16,18,13,0,0,0,0.096819,0.100671,0.102856,0.047769,0.049178,0.000162,0.000003,0.083596,3249080,1092791,29896,62429,1258,1254,1062554,27951,37443,9228044,4995628,105629,90662,2737,2899,8361823,89265,69757
16,wifi-tx-nb-aarch64,62288,909680773,100,10,3,549789160696007,-94606193,953234715,12731,180838,21020,3,2,2,3,3,0,0,0,0.096819,0.100671,0.102856,0.047769,0.049178,0.000162,0.000003,0.083596,564923,262430,5539,11314,264,171,217404,5179,7551,63637691,23757001,20253,428921,1081,1319,18688135,17794,99785
3,pulse_doppler-nb-aarch64,17496,683637178,512,119,26,549789430319617,269623610,767329030,11701,4175437,89535,24,25,24,24,26,0,0,0,0.096819,0.100671,0.102856,0.047769,0.049178,0.000162,0.000003,0.083596,2456329,1060412,28126,65551,1306,1062,854082,26617,46206,15245454,7108855,106515,95512,1451,1950,4409002,66184,68993
18,wifi-tx-nb-aarch64,62288,735793098,100,10,3,549789400372625,-29946992,812155208,12691,672817,26179,2,3,2,3,2,0,0,0,0.096819,0.100671,0.102856,0.047769,0.049178,0.000162,0.000003,0.083596,563006,228599,5455,11775,299,219,200401,4880,8380,68420159,25976895,18838,324385,760,1326,23345320,23938,127537
17,wifi-tx-nb-aarch64,62288,911897805,100,10,3,549789296327069,-104045556,990004569,12862,1172237,55898,2,2,2,2,3,0,0,0,0.096819,0.100671,0.102856,0.047769,0.049178,0.000162,0.000003,0.083596,659463,206866,5642,11412,333,228,201163,5459,8807,68858744,22589763,17217,353413,929,1396,20655683,19128,101352
20,SAR-noapi-aarch64,21984,4364280087,0,0,0,549789320976822,24649753,4419576032,0,0,0,0,0,0,0,0,0,0,0,0.096819,0.100671,0.102856,0.047769,0.049178,0.000162,0.000003,0.083596,0,0,0,0,0,0,0,0,0,393735157,141562398,270506,1382582,24649,2401,140952012,248153,768118
25,SAR_nb-aarch64,18024,4851232742,2305,473,128,549789220424185,-100552637,4893241139,8441,1340944,35236,128,127,128,97,98,0,0,118,0.096819,0.100671,0.102856,0.047769,0.049178,0.000162,0.000003,0.083596,38698537,7306069,153001,300021,6303,1457,9047116,82761,152761,341848386,129565200,253841,1388202,10318,4882,124916361,322618,964361
19,SAR-noapi-aarch64,21984,5068789840,0,0,0,549789139491429,-80932756,5105046982,0,0,0,0,0,0,0,0,0,0,0,0.096819,0.100671,0.102856,0.047769,0.049178,0.000162,0.000003,0.083596,0,0,0,0,0,0,0,0,0,382424404,149181931,323236,1417214,16949,2569,144130307,237328,742012
21,SAR-noapi-aarch64,21984,4701780339,0,0,0,549789502324962,362833533,4748171544,0,0,0,0,0,0,0,0,0,0,0,0.096819,0.100671,0.102856,0.047769,0.049178,0.000162,0.000003,0.083596,0,0,0,0,0,0,0,0,0,396417311,140375858,314859,1369614,25735,2688,142993101,221445,790739
22,SAR-noapi-aarch64,21984,4619754003,0,0,0,549789683737588,181412626,4701455516,0,0,0,0,0,0,0,0,0,0,0,0.096819,0.100671,0.102856,0.047769,0.049178,0.000162,0.000003,0.083596,0,0,0,0,0,0,0,0,0,382939663,139852430,260330,1451146,22350,2480,139836700,245948,757071
26,SAR_nb-aarch64,18024,5022250160,2305,503,128,549789378547164,-305190424,5080058516,8401,18382877,56588,128,128,128,103,103,0,0,107,0.096819,0.100671,0.102856,0.047769,0.049178,0.000162,0.000003,0.083596,36521932,9861405,127796,240009,7671,2405,9731640,112933,140670,319544733,124390689,297759,1410406,13602,3537,129135395,240962,927122
27,SAR_nb-aarch64,18024,5633668451,2305,496,128,549789536667033,158119869,5702555844,8411,15799049,58928,128,128,128,102,102,0,0,117,0.096819,0.100671,0.102856,0.047769,0.049178,0.000162,0.000003,0.083596,29511782,8807650,122930,281300,6479,2318,9030104,123743,183660,328877604,131866710,172002,1266318,15735,3486,135365859,288574,1037235
28,SAR_nb-aarch64,18024,5889774890,2305,495,128,549789694787802,158120769,5974843650,8401,9802770,52245,109,128,128,102,106,0,0,125,0.096819,0.100671,0.102856,0.047769,0.049178,0.000162,0.000003,0.083596,27670988,10982653,113189,260278,7378,2501,10940786,118353,138175,323677198,128488068,241449,1305424,17366,3050,136198068,249611,987423
4,track_nb-aarch64,277488,39461561569,24580,1019,214,549788966299514,-728488288,39481149566,75078,401342241,198378,214,205,209,205,205,0,0,1,0.096819,0.100671,0.102856,0.047769,0.049178,0.000162,0.000003,0.083596,1365573657,441900010,2849647,6350534,150897,33671,472307882,2786536,1960925,3563732767,1603538844,24087641,6332309,14994891,9547,1602208637,23895965,1763444
6,track_nb-aarch64,277488,39874368096,24580,1022,212,549789276703688,310404174,39971187900,75137,286527269,181456,205,205,212,205,206,0,0,1,0.096819,0.100671,0.102856,0.047769,0.049178,0.000162,0.000003,0.083596,1428946437,464762154,3026541,6500129,145563,30022,457447451,2846956,1989396,3555651693,1593243387,24192649,6540056,15116964,16866,1598811871,24067060,1587711
5,track_nb-aarch64,277488,40794005383,24580,1023,207,549789120686700,-156016988,40837939162,75187,382405749,194019,205,207,207,206,205,0,0,1,0.096819,0.100671,0.102856,0.047769,0.049178,0.000162,0.000003,0.083596,1435729656,468737966,2800000,6465685,143695,32076,451164516,2760122,1970578,3533591987,1599520454,24195259,6477293,15181081,9323,1610491837,24143164,1687729
7,track_nb-aarch64,277488,40679333106,24580,1018,205,549789432763311,312076611,40758088935,75328,355614712,203470,205,205,205,205,205,0,0,1,0.096819,0.100671,0.102856,0.047769,0.049178,0.000162,0.000003,0.083596,1382185460,449314536,2719051,6328524,147275,33318,450675146,2795364,1963660,3541214108,1591472302,24163101,6525079,15249078,24226,1605771475,23968735,1829561
5,radar_correlator-noapi-aarch64,13080,62932798,0,0,0,549831931877724,0,90062089,0,0,0,0,0,0,0,0,0,0,0,0.085418,0.073720,0.088764,0.039383,0.040470,0.000077,0.000002,0.053100,0,0,0,0,0,0,0,0,0,1060802,409084,3139,5028,263,176,0,0,0
10,radar_correlator-aarch64,12952,58225238,3,1,1,549831965206914,33329190,75589203,125582,466477,246917,1,1,0,0,0,0,0,0,0.085418,0.073720,0.088764,0.039383,0.040470,0.000077,0.000002,0.053100,163103,61786,670,1570,64,58,10382,0,0,875900,350812,3065,4186,341,208,0,0,0
3,temporal_mitigation-noapi-aarch64,68888,93600892,0,0,0,549831931156842,-34050072,120169637,0,0,0,0,0,0,0,0,0,0,0,0.085418,0.073720,0.088764,0.039383,0.040470,0.000077,0.000002,0.053100,0,0,0,0,0,0,0,0,0,2572468,911356,3763,10183,370,272,0,0,0
4,temporal_mitigation-noapi-aarch64,68888,29703898,0,0,0,549832041645482,110488640,68447659,0,0,0,0,0,0,0,0,0,0,0,0.085418,0.073720,0.088764,0.039383,0.040470,0.000077,0.000002,0.053100,0,0,0,0,0,0,0,0,0,2561088,905022,2748,11104,253,180,0,0,0
11,radar_correlator-aarch64,12952,53850020,3,1,1,549832082771601,41126119,108364997,80188,239774,135137,0,1,1,1,0,0,0,0,0.085418,0.073720,0.088764,0.039383,0.040470,0.000077,0.000002,0.053100,133993,21139,252,438,13,10,22138,407,528,865692,346199,2265,3760,192,154,0,0,0
17,temporal_mitigation-aarch64,68760,68766791,4,1,1,549832067621697,-15149904,129650214,4391,1386499,354433,0,1,1,0,0,1,0,0,0.085418,0.073720,0.088764,0.039383,0.040470,0.000077,0.000002,0.053100,61821,9424,429,472,54,20,799,36,183,2538100,908803,4927,10656,481,344,4414,0,0
6,radar_correlator-noapi-aarch64,13080,27254653,0,0,0,549832126709081,59087384,83128446,0,0,0,0,0,0,0,0,0,0,0,0.085418,0.073720,0.088764,0.039383,0.040470,0.000077,0.000002,0.053100,0,0,0,0,0,0,0,0,0,1047924,403193,2178,4348,182,147,0,0,0
18,temporal_mitigation-aarch64,68760,32349002,4,1,1,549832170086925,43377844,76423866,13091,390529,124304,0,1,1,0,0,1,1,0,0.085418,0.073720,0.088764,0.039383,0.040470,0.000077,0.000002,0.053100,51037,9544,215,304,52,19,6416,309,365,1606355,901782,3162,11153,138,180,303424,0,0
12,radar_correlator-aarch64,12952,18508549,3,1,1,549832205912655,35825730,71851009,45064,82139,59592,0,1,0,1,1,0,0,0,0.085418,0.073720,0.088764,0.039383,0.040470,0.000077,0.000002,0.053100,70855,22164,232,604,11,4,1150,216,286,865930,346207,1896,3734,151,138,0,0,0
8,pulse_doppler-nb-aarch64,17496,299599356,512,18,21,549831965206914,-240705741,316586053,11521,5904540,46032,21,9,17,19,9,0,0,0,0.085418,0.073720,0.088764,0.039383,0.040470,0.000077,0.000002,0.053100,2843029,1119955,28151,53585,1042,750,1197254,19235,30525,18010953,5663244,44745,70023,1909,2703,7615913,101361,62908
19,temporal_mitigation-aarch64,68760,57120108,4,1,1,549832272547933,307341019,120098610,12191,1421512,385180,0,1,0,0,0,1,0,0,0.085418,0.073720,0.088764,0.039383,0.040470,0.000077,0.000002,0.053100,918,2609,366,572,20,12,9977,258,0,2533857,901864,3063,10203,136,198,0,0,0
7,radar_correlator-noapi-aarch64,13080,82123235,0,0,0,549832321536888,48988955,149740941,0,0,0,0,0,0,0,0,0,0,0,0.085418,0.073720,0.088764,0.039383,0.040470,0.000077,0.000002,0.053100,0,0,0,0,0,0,0,0,0,1047752,403124,2457,4930,249,166,0,0,0
9,pulse_doppler-nb-aarch64,17496,614110650,512,19,26,549832097976650,-223560238,647263223,11701,5765536,129756,25,19,24,26,19,0,0,0,0.085418,0.073720,0.088764,0.039383,0.040470,0.000077,0.000002,0.053100,2943095,1227301,31845,61939,1571,1252,946471,23373,36013,11927910,5218290,45153,114406,3855,4251,6921188,90431,49843
13,wifi-tx-nb-aarch64,62288,1089774537,100,10,2,549832060662932,-37313718,1155566071,12702,441734,22466,2,2,2,2,2,0,0,0,0.085418,0.073720,0.088764,0.039383,0.040470,0.000077,0.000002,0.053100,615131,210503,5670,12799,383,234,201340,4145,6311,60811403,23338730,20601,420629,1414,1217,21517567,21397,118181
14,wifi-tx-nb-aarch64,62288,1321305521,100,10,3,549832190036889,129373957,1384425227,12591,2250615,50565,2,2,2,3,3,0,0,0,0.085418,0.073720,0.088764,0.039383,0.040470,0.000077,0.000002,0.053100,541570,231471,5569,12463,377,241,185321,4806,7080,44640775,19523444,21690,477781,1432,1179,24082372,20863,105864
15,wifi-tx-nb-aarch64,62288,1249981865,100,10,2,549832319542298,129505409,1298680211,12581,8053914,125835,2,2,2,2,2,0,0,0,0.085418,0.073720,0.088764,0.039383,0.040470,0.000077,0.000002,0.053100,716534,214415,5348,9966,308,194,181059,4326,6418,55652024,21767574,18328,442367,1426,1086,21103684,18396,96725
16,wifi-tx-nb-aarch64,62288,1135742231,100,10,2,549832448923256,129380958,1222279927,12561,3807611,111190,2,2,2,2,2,0,0,0,0.085418,0.073720,0.088764,0.039383,0.040470,0.000077,0.000002,0.053100,616826,223214,5158,10265,336,232,204669,4729,6263,53256561,18867293,19830,398829,1097,1041,24405345,19291,92556
20,SAR_nb-aarch64,18024,3619312711,2305,496,128,549832123102411,-325820845,3662658722,8240,4012561,36615,127,123,128,103,95,0,0,120,0.085418,0.073720,0.088764,0.039383,0.040470,0.000077,0.000002,0.053100,27532872,12276659,127289,252726,6811,3282,10305442,97337,114748,344779306,134210920,242486,1327623,12674,3491,128009188,268814,983716
23,SAR-noapi-aarch64,21984,4286960011,0,0,0,549832215534796,92432385,4377161464,0,0,0,0,0,0,0,0,0,0,0,0.085418,0.073720,0.088764,0.039383,0.040470,0.000077,0.000002,0.053100,0,0,0,0,0,0,0,0,0,373221990,144924615,298614,1505671,14328,2577,145903735,287438,1163710
21,SAR_nb-aarch64,18024,4634535450,2305,492,125,549832225373129,9838333,4715528913,8171,1821172,36407,109,118,125,102,92,0,0,105,0.085418,0.073720,0.088764,0.039383,0.040470,0.000077,0.000002,0.053100,29394919,9037627,111405,270957,7250,3254,9691209,117911,148880,351986688,134599491,307654,1274241,19254,3151,126036130,168679,1075383
24,SAR-noapi-aarch64,21984,4520692535,0,0,0,549832370422142,145049013,4604853014,0,0,0,0,0,0,0,0,0,0,0,0.085418,0.073720,0.088764,0.039383,0.040470,0.000077,0.000002,0.053100,0,0,0,0,0,0,0,0,0,403464572,144202915,206064,1396976,19059,2583,145464444,288611,1145086
25,SAR-noapi-aarch64,21984,4409170832,0,0,0,549832525309678,154887536,4525222578,0,0,0,0,0,0,0,0,0,0,0,0.085418,0.073720,0.088764,0.039383,0.040470,0.000077,0.000002,0.053100,0,0,0,0,0,0,0,0,0,373711789,137664232,268927,1484272,23191,2647,143774414,291547,1076779
22,SAR_nb-aarch64,18024,4777015926,2305,395,128,549832328049288,-197260390,4846571276,8301,9302819,49687,116,128,125,103,102,0,0,118,0.085418,0.073720,0.088764,0.039383,0.040470,0.000077,0.000002,0.053100,27729912,9193754,133898,239133,7723,3533,11416279,126434,129206,336599013,128729686,197641,1156007,11317,2991,139131514,287875,1091117
2,track_nb-aarch64,277488,35958692382,24580,1023,205,549832060662932,-267386356,36024088326,75268,293598276,189956,205,205,205,204,205,0,0,1,0.085418,0.073720,0.088764,0.039383,0.040470,0.000077,0.000002,0.053100,1346965603,441664168,2889004,6154964,165108,50265,487489757,2982851,1960039,3580777765,1601072649,24290834,6463985,15016882,24519,1593584325,24021551,1626799
1,track_nb-aarch64,277488,37567675928,24580,1023,205,549831931281074,-129381858,37594548263,75237,302410696,197408,205,205,205,205,205,0,0,1,0.085418,0.073720,0.088764,0.039383,0.040470,0.000077,0.000002,0.053100,1395404117,446251939,3147663,6297327,167867,49781,464198593,3078285,1959907,3584674799,1611260437,24023636,6405613,15062011,18014,1592809370,24027006,1977104
0,track_nb-aarch64,277488,37870433098,24580,1022,205,549831813824558,-117456516,37898571150,75238,279966963,182912,205,205,205,205,205,0,0,1,0.085418,0.073720,0.088764,0.039383,0.040470,0.000077,0.000002,0.053100,1431968411,502387009,3016055,6639217,164891,50582,454300048,2827215,1981508,3566306614,1611406214,23990098,6599661,15015562,22101,1585084830,23995749,1500057
0,radar_correlator-noapi-aarch64,13080,38454982,0,0,0,549871782289126,0,52326298,0,0,0,0,0,0,0,0,0,0,0,0.099289,0.101853,0.108493,0.052300,0.048511,0.000035,0.000126,0.060505,0,0,0,0,0,0,0,0,0,1060801,409047,3160,5039,283,157,0,0,0
1,radar_correlator-noapi-aarch64,13080,7710210,0,0,0,549871965106362,182817236,26232411,0,0,0,0,0,0,0,0,0,0,0,0.099289,0.101853,0.108493,0.052300,0.048511,0.000035,0.000126,0.060505,0,0,0,0,0,0,0,0,0,1047638,403065,1798,4438,112,115,0,0,0
8,radar_correlator-aarch64,12952,42636590,3,1,1,549871929791384,-35314978,62378262,86319,578208,251962,1,1,1,0,0,0,0,0,0.099289,0.101853,0.108493,0.052300,0.048511,0.000035,0.000126,0.060505,194067,21042,185,435,39,31,39924,344,378,863296,351315,3228,4294,371,231,6069,0,0
10,temporal_mitigation-noapi-aarch64,68888,31257743,0,0,0,549871965106362,35314978,58565512,0,0,0,0,0,0,0,0,0,0,0,0.099289,0.101853,0.108493,0.052300,0.048511,0.000035,0.000126,0.060505,0,0,0,0,0,0,0,0,0,2578820,912380,3510,9531,277,154,0,0,0
9,radar_correlator-aarch64,12952,8769567,3,1,1,549872080945137,115838775,51043100,55836,81008,72407,0,1,1,0,1,0,0,0,0.099289,0.101853,0.108493,0.052300,0.048511,0.000035,0.000126,0.060505,126827,41855,384,980,20,7,1913,0,179,866451,346430,2077,3755,129,152,0,0,0
11,temporal_mitigation-noapi-aarch64,68888,31253303,0,0,0,549872087358427,6413290,76379222,0,0,0,0,0,0,0,0,0,0,0,0.099289,0.101853,0.108493,0.052300,0.048511,0.000035,0.000126,0.060505,0,0,0,0,0,0,0,0,0,2563763,905490,3001,9208,127,128,0,0,0
22,temporal_mitigation-aarch64,68760,71695644,4,1,1,549872109808761,22450334,126718061,4740,1353135,346142,0,1,1,0,0,1,0,0,0.099289,0.101853,0.108493,0.052300,0.048511,0.000035,0.000126,0.060505,145774,8939,385,319,47,19,5901,141,184,1490257,787665,4626,10195,417,276,363203,561,0
2,wifi-tx-nb-aarch64,62288,387346622,100,10,2,549871848612753,-261196008,405184944,12562,229483,26839,2,2,2,2,2,0,0,0,0.099289,0.101853,0.108493,0.052300,0.048511,0.000035,0.000126,0.060505,793240,177863,5151,9821,517,310,229417,4791,5931,51227911,17478062,20623,450496,1244,673,22081220,18944,94176
12,temporal_mitigation-noapi-aarch64,68888,46280324,0,0,0,549872213804431,365191678,119315902,0,0,0,0,0,0,0,0,0,0,0,0.099289,0.101853,0.108493,0.052300,0.048511,0.000035,0.000126,0.060505,0,0,0,0,0,0,0,0,0,916133,904366,2299,9000,173,190,568447,0,0
13,pulse_doppler-nb-aarch64,17496,310521786,512,51,23,549872024377014,-189427417,355434194,11701,6052704,50989,22,19,23,23,18,0,0,0,0.099289,0.101853,0.108493,0.052300,0.048511,0.000035,0.000126,0.060505,4185027,1294784,29282,55535,840,642,795847,27703,44854,14477481,7882408,104883,73930,2068,1774,6451869,51730,94466
23,temporal_mitigation-aarch64,68760,71621036,4,1,1,549872254684156,230307142,142930261,12231,5038903,1272634,0,1,1,0,0,0,1,0,0.099289,0.101853,0.108493,0.052300,0.048511,0.000035,0.000126,0.060505,23583,9435,305,571,64,26,6334,251,205,1525502,902680,3387,9588,217,258,339119,0,0
14,pulse_doppler-nb-aarch64,17496,523121769,512,19,26,549872200165309,-54518847,576433145,11731,11187938,220780,26,22,26,25,22,0,0,0,0.099289,0.101853,0.108493,0.052300,0.048511,0.000035,0.000126,0.060505,3423928,974407,24174,51649,980,901,1007490,28628,41704,12628992,5502923,46093,105254,3104,3011,7122147,89602,40334
4,wifi-tx-nb-aarch64,62288,646171273,100,10,3,549872190365289,-9800020,709787640,12652,26293,17891,2,2,3,2,2,0,0,0,0.099289,0.101853,0.108493,0.052300,0.048511,0.000035,0.000126,0.060505,565763,208377,4740,12922,270,202,195288,4956,7064,69867531,27659355,23675,452545,1015,857,15820098,18076,96607
3,wifi-tx-nb-aarch64,62288,872911599,100,10,2,549872015533501,-174831788,910078172,12731,1271407,31395,2,2,2,2,2,0,0,0,0.099289,0.101853,0.108493,0.052300,0.048511,0.000035,0.000126,0.060505,603578,197971,5018,11704,296,171,194585,5206,7519,58591583,20440987,18750,335765,1270,1520,25648494,25970,124354
15,pulse_doppler-nb-aarch64,17496,555826947,512,120,26,549872379950242,364416741,652726519,11471,7770087,200470,26,24,25,25,23,0,0,0,0.099289,0.101853,0.108493,0.052300,0.048511,0.000035,0.000126,0.060505,2811094,944417,23249,60299,1301,849,988413,27187,36004,2388444,2796971,96290,105233,3154,2848,9756509,105362,7122
5,wifi-tx-nb-aarch64,62288,858598909,100,10,2,549872379950242,0,954783790,12691,1018772,31137,2,2,2,2,2,0,0,0,0.099289,0.101853,0.108493,0.052300,0.048511,0.000035,0.000126,0.060505,531038,178035,4459,12098,253,119,215308,5750,6939,51762227,18473222,21377,444341,1510,1242,22504558,15737,81641
16,pulse_doppler-nb-aarch64,17496,1426168989,512,85,26,549872551728636,171778394,1510389844,11631,7402909,141402,25,25,26,24,24,0,0,0,0.099289,0.101853,0.108493,0.052300,0.048511,0.000035,0.000126,0.060505,3251699,871102,26661,54575,1256,726,1002868,26202,34164,10097139,6734514,26956,78709,1878,3071,10137387,109371,93631
17,pulse_doppler-nb-aarch64,17496,1396301295,512,21,25,549872727508919,175780283,1436342806,11701,7622502,199216,25,21,25,25,20,0,0,0,0.099289,0.101853,0.108493,0.052300,0.048511,0.000035,0.000126,0.060505,4052382,772415,22444,51773,1359,1046,988618,28347,40843,3934444,7260029,62122,103307,3460,3161,10098789,74126,19868
6,SAR_nb-aarch64,18024,4849297009,2305,497,128,549871858918012,-868590907,4877982575,8241,5874497,37067,128,128,123,100,99,0,0,128,0.099289,0.101853,0.108493,0.052300,0.048511,0.000035,0.000126,0.060505,29416372,6715781,114779,268436,5914,1182,11379193,116594,115249,313379456,126910840,240141,1350525,9177,3283,134491957,316695,693792
24,SAR-noapi-aarch64,21984,4802408903,0,0,0,549872096466847,237548835,4861649443,0,0,0,0,0,0,0,0,0,0,0,0.099289,0.101853,0.108493,0.052300,0.048511,0.000035,0.000126,0.060505,0,0,0,0,0,0,0,0,0,366189160,137857280,203351,1449972,20199,1831,151033756,276364,762149
7,SAR_nb-aarch64,18024,4960495799,2305,511,128,549872025183645,-71283202,5005636669,8330,478308,35248,128,122,123,102,98,0,0,122,0.099289,0.101853,0.108493,0.052300,0.048511,0.000035,0.000126,0.060505,27376868,10611731,102264,264072,6210,1517,10391927,116570,135258,349015471,128302328,273628,1286212,10016,2040,129571181,272095,841367
26,SAR-noapi-aarch64,21984,4881733789,0,0,0,549872309576291,284392646,4915816914,0,0,0,0,0,0,0,0,0,0,0,0.099289,0.101853,0.108493,0.052300,0.048511,0.000035,0.000126,0.060505,0,0,0,0,0,0,0,0,0,380077139,140633364,192096,1515764,19727,2183,143134122,281285,746410
25,SAR-noapi-aarch64,21984,4965901059,0,0,0,549872203054657,-106521634,5037433377,0,0,0,0,0,0,0,0,0,0,0,0.099289,0.101853,0.108493,0.052300,0.048511,0.000035,0.000126,0.060505,0,0,0,0,0,0,0,0,0,384005254,138716555,247681,1472018,14860,1592,141115554,283237,722846
18,track_nb-aarch64,277488,38261386271,24580,1023,211,549872102784109,-100270548,38321432780,75178,310169651,181528,211,207,207,207,207,0,0,1,0.099289,0.101853,0.108493,0.052300,0.048511,0.000035,0.000126,0.060505,1433298888,464171489,3011533,6634033,150729,22495,463429236,2890678,1798028,3577968794,1606456058,24281397,6374981,15326644,27005,1587044798,23716590,1891311
20,track_nb-aarch64,277488,38386471748,24580,1023,205,549872448812583,346028474,38459320147,75277,400333430,194152,205,205,205,205,205,0,0,1,0.099289,0.101853,0.108493,0.052300,0.048511,0.000035,0.000126,0.060505,1409863341,457118566,2967948,6526636,147893,20755,466939415,2999050,1849175,3543094473,1598592888,24161696,6647013,15257841,25251,1593447342,24028890,1888471
19,track_nb-aarch64,277488,39078478372,24580,1020,209,549872275908287,-172904296,39112479959,75408,269191316,170209,205,209,205,207,205,0,0,1,0.099289,0.101853,0.108493,0.052300,0.048511,0.000035,0.000126,0.060505,1393013557,486381223,3006440,6539056,151050,22188,467599366,2929742,1819750,3595730061,1600683838,24233716,6429885,15180658,25331,1601170428,24140691,1798774
21,track_nb-aarch64,277488,39006289199,24580,1023,210,549872621820929,345912642,39084230137,75288,383205748,194589,206,205,210,205,206,0,0,1,0.099289,0.101853,0.108493,0.052300,0.048511,0.000035,0.000126,0.060505,1306860915,487313613,2948517,6559779,148206,22733,478545547,2889817,1835419,3530106156,1581338303,24263769,6587615,15151056,24234,1617703470,24728859,1870982
10,temporal_mitigation-noapi-aarch64,68888,107125103,0,0,0,549913799201108,0,162316508,0,0,0,0,0,0,0,0,0,0,0,0.107654,0.108320,0.116015,0.058895,0.054886,0.000300,0.000002,0.101723,0,0,0,0,0,0,0,0,0,16520,911430,4181,10172,382,245,905240,0,0
14,radar_correlator-aarch64,12952,52198405,3,1,1,549913866025025,66823917,97155837,88429,215052,131340,1,1,1,0,0,0,0,0,0.107654,0.108320,0.116015,0.058895,0.054886,0.000300,0.000002,0.101723,194949,61339,630,1354,44,24,0,0,0,875547,350692,2840,3897,256,152,0,0,0
11,temporal_mitigation-noapi-aarch64,68888,28873685,0,0,0,549913948338829,82313804,100780550,0,0,0,0,0,0,0,0,0,0,0,0.107654,0.108320,0.116015,0.058895,0.054886,0.000300,0.000002,0.101723,0,0,0,0,0,0,0,0,0,500323,904425,2287,8984,181,160,720958,0,0
15,radar_correlator-aarch64,12952,47999286,3,1,1,549914035117630,86778801,110162007,53495,532144,213454,1,0,0,0,1,0,0,0,0.107654,0.108320,0.116015,0.058895,0.054886,0.000300,0.000002,0.101723,71326,63,3,36,36,14,23018,381,439,865714,346216,1974,3610,168,108,0,0,0
29,radar_correlator-noapi-aarch64,13080,45611097,0,0,0,549914048257303,13139673,101235975,0,0,0,0,0,0,0,0,0,0,0,0.107654,0.108320,0.116015,0.058895,0.054886,0.000300,0.000002,0.101723,0,0,0,0,0,0,0,0,0,5706,2775,1336,4568,305,135,405034,2419,1233
12,temporal_mitigation-noapi-aarch64,68888,41435670,0,0,0,549914074528318,26271015,117239894,0,0,0,0,0,0,0,0,0,0,0,0.107654,0.108320,0.116015,0.058895,0.054886,0.000300,0.000002,0.101723,0,0,0,0,0,0,0,0,0,2546613,902515,2638,10171,189,179,0,0,0
34,temporal_mitigation-aarch64,68760,59671642,4,1,1,549914104854798,30326480,136744923,16221,1345895,365708,0,0,1,0,0,1,1,0,0.107654,0.108320,0.116015,0.058895,0.054886,0.000300,0.000002,0.101723,144359,12067,688,727,100,29,2287,35,41,2554583,909714,4629,10074,263,241,0,0,0
30,radar_correlator-noapi-aarch64,13080,44743291,0,0,0,549914235721254,130866456,137245053,0,0,0,0,0,0,0,0,0,0,0,0.107654,0.108320,0.116015,0.058895,0.054886,0.000300,0.000002,0.101723,0,0,0,0,0,0,0,0,0,909660,403056,1833,4304,105,109,56392,0,0
16,wifi-tx-nb-aarch64,62288,487952385,100,10,3,549913877904052,-357817202,526465823,12701,1923342,57785,2,2,3,2,2,0,0,0,0.107654,0.108320,0.116015,0.058895,0.054886,0.000300,0.000002,0.101723,529499,171618,6258,13593,654,356,217095,4306,4449,39300351,16331078,17747,480254,1039,819,24907215,17470,88538
13,temporal_mitigation-noapi-aarch64,68888,125470657,0,0,0,549914212201934,334297882,215876610,0,0,0,0,0,0,0,0,0,0,0,0.107654,0.108320,0.116015,0.058895,0.054886,0.000300,0.000002,0.101723,0,0,0,0,0,0,0,0,0,1074696,904437,2212,8971,112,163,510288,0,0
35,temporal_mitigation-aarch64,68760,145204789,4,1,1,549914261381118,49179184,217488741,11701,10026991,3116186,0,0,0,0,0,1,0,0,0.107654,0.108320,0.116015,0.058895,0.054886,0.000300,0.000002,0.101723,208974,81,5,193,45,22,14076,615,946,1070743,901721,3316,10317,301,242,509016,0,0
36,temporal_mitigation-aarch64,68760,68841569,4,1,1,549914418031050,156649932,131109420,11231,15222,13701,0,1,1,0,0,0,0,0,0.107654,0.108320,0.116015,0.058895,0.054886,0.000300,0.000002,0.101723,31551,6940,104,295,11,6,3662,121,294,5888,902819,3234,9634,274,217,900999,0,0
31,radar_correlator-noapi-aarch64,13080,25765954,0,0,0,549914422615648,4584598,128658575,0,0,0,0,0,0,0,0,0,0,0,0.107654,0.108320,0.116015,0.058895,0.054886,0.000300,0.000002,0.101723,0,0,0,0,0,0,0,0,0,1047572,403014,1791,3967,121,93,0,0,0
17,wifi-tx-nb-aarch64,62288,664600355,100,10,3,549914005008532,-417607116,709377299,13031,10240283,124505,2,2,2,3,3,0,0,0,0.107654,0.108320,0.116015,0.058895,0.054886,0.000300,0.000002,0.101723,410314,149270,4006,11989,408,159,228267,4496,6335,65579761,19059645,18428,396681,740,561,20282150,20746,113560
32,radar_correlator-noapi-aarch64,13080,43579285,0,0,0,549914609956266,604947734,119061687,0,0,0,0,0,0,0,0,0,0,0,0.107654,0.108320,0.116015,0.058895,0.054886,0.000300,0.000002,0.101723,0,0,0,0,0,0,0,0,0,1047613,403046,1773,4282,128,103,0,0,0
19,pulse_doppler-nb-aarch64,17496,814292412,512,24,26,549913948338829,-661617437,880254463,11671,8413180,255878,26,22,26,26,22,0,0,0,0.107654,0.108320,0.116015,0.058895,0.054886,0.000300,0.000002,0.101723,2934999,919492,21546,52900,1749,883,1222472,26980,37788,11602315,6728984,56667,102373,4593,2929,7723274,82999,30671
33,radar_correlator-noapi-aarch64,13080,16601309,0,0,0,549914796972302,848633473,102452427,0,0,0,0,0,0,0,0,0,0,0,0.107654,0.108320,0.116015,0.058895,0.054886,0.000300,0.000002,0.101723,0,0,0,0,0,0,0,0,0,1094204,414052,1889,4148,123,79,0,0,0
20,pulse_doppler-nb-aarch64,17496,871810649,512,93,26,549914021724392,-775247910,936836046,11671,7429163,212526,26,24,25,26,25,0,0,0,0.107654,0.108320,0.116015,0.058895,0.054886,0.000300,0.000002,0.101723,3142003,1064682,25965,55870,1517,683,1031991,25421,37676,14133034,6189670,35129,70661,2144,2316,8237285,116894,118923
21,pulse_doppler-nb-aarch64,17496,943827585,512,101,26,549914145537663,123813271,1014736450,11701,11513441,249309,25,22,24,26,22,0,0,0,0.107654,0.108320,0.116015,0.058895,0.054886,0.000300,0.000002,0.101723,2804674,981716,26983,59228,1284,532,985988,21931,35180,6697924,5520177,41842,99635,3644,2275,8875106,85003,42985
18,wifi-tx-nb-aarch64,62288,1022785714,100,10,2,549914134757006,-10780657,1089757895,12891,672247,24580,2,2,2,2,2,0,0,0,0.107654,0.108320,0.116015,0.058895,0.054886,0.000300,0.000002,0.101723,594168,198302,4813,12739,303,130,218641,3966,5879,68580394,23725137,17887,338013,1238,1231,21720751,18448,108609
22,pulse_doppler-nb-aarch64,17496,957398931,512,7,26,549914269355054,134598048,1022026939,11581,12098939,278884,26,19,22,24,18,0,0,0,0.107654,0.108320,0.116015,0.058895,0.054886,0.000300,0.000002,0.101723,2549814,773877,25491,65381,1348,562,1075838,23324,29159,19313541,8133134,83000,29418,1344,1848,8578680,102579,125263
23,pulse_doppler-nb-aarch64,17496,887783444,512,127,26,549914393167075,123812021,982714050,11571,10131803,302556,25,26,26,25,25,0,0,0,0.107654,0.108320,0.116015,0.058895,0.054886,0.000300,0.000002,0.101723,2537135,991098,23272,57975,1321,625,1146404,24528,36876,11290037,9781191,123565,105141,3746,2405,5636964,6474,0
1,SAR-noapi-aarch64,21984,5320180568,0,0,0,549913795201078,-597965997,5361042841,0,0,0,0,0,0,0,0,0,0,0,0.107654,0.108320,0.116015,0.058895,0.054886,0.000300,0.000002,0.101723,0,0,0,0,0,0,0,0,0,363955632,137104284,291037,1458678,15441,2714,149315794,240560,1016534
0,SAR-noapi-aarch64,21984,5614333148,0,0,0,549913681006898,-114194180,5632992683,0,0,0,0,0,0,0,0,0,0,0,0.107654,0.108320,0.116015,0.058895,0.054886,0.000300,0.000002,0.101723,0,0,0,0,0,0,0,0,0,388393877,144115186,313215,1408324,13570,3148,145803791,289419,1144717
3,SAR-noapi-aarch64,21984,5698196978,0,0,0,549914023600829,342593931,5761739287,0,0,0,0,0,0,0,0,0,0,0,0.107654,0.108320,0.116015,0.058895,0.054886,0.000300,0.000002,0.101723,0,0,0,0,0,0,0,0,0,399999995,144529194,285427,1352032,23172,1609,136367578,232914,1043434
2,SAR-noapi-aarch64,21984,5884478181,0,0,0,549913948338829,-75262000,5950761284,0,0,0,0,0,0,0,0,0,0,0,0.107654,0.108320,0.116015,0.058895,0.054886,0.000300,0.000002,0.101723,0,0,0,0,0,0,0,0,0,381262431,141366433,268083,1412713,14200,1474,148169403,258559,1021578
4,SAR-noapi-aarch64,21984,5786664177,0,0,0,549914138041574,189702745,5851523358,0,0,0,0,0,0,0,0,0,0,0,0.107654,0.108320,0.116015,0.058895,0.054886,0.000300,0.000002,0.101723,0,0,0,0,0,0,0,0,0,389903194,148600495,282915,1417069,17390,2533,142690108,236674,1086376
26,SAR_nb-aarch64,18024,6027951516,2305,400,128,549914252879748,114838174,6071352643,8540,9848474,41422,128,128,128,95,96,0,0,105,0.107654,0.108320,0.116015,0.058895,0.054886,0.000300,0.000002,0.101723,30179528,11384255,125533,266326,7525,2065,9312043,102267,107488,333699082,132323819,208296,1203759,12277,2055,131117867,298313,1004148
25,SAR_nb-aarch64,18024,6144546355,2305,424,128,549914107701882,-145177866,6225343869,8431,7317511,39509,128,128,128,93,87,0,0,111,0.107654,0.108320,0.116015,0.058895,0.054886,0.000300,0.000002,0.101723,33991177,10112094,134132,238317,8239,2811,8828423,96426,105377,365337341,132759297,201244,1243304,11756,1600,123343821,294238,1070577
24,SAR_nb-aarch64,18024,6618783011,2305,441,135,549913962334128,-145367754,6677277115,8401,9258625,42538,115,135,114,89,102,0,0,122,0.107654,0.108320,0.116015,0.058895,0.054886,0.000300,0.000002,0.101723,37315363,10764911,116368,299000,7775,1745,9421290,94569,120116,341146430,124782897,275668,1289910,14771,3118,128258378,243986,924613
27,SAR_nb-aarch64,18024,7706372959,2305,500,128,549914404574435,442240307,7790592134,8330,9066926,54241,128,128,128,102,103,0,0,101,0.107654,0.108320,0.116015,0.058895,0.054886,0.000300,0.000002,0.101723,34995870,11484026,104782,280773,6947,1385,9095008,114253,135967,312441559,119553052,302525,1370553,18457,3022,134582424,186947,936153
28,SAR_nb-aarch64,18024,7712243035,2305,497,128,549914543606597,139032162,7789753890,8321,11852035,58472,106,128,128,102,102,0,0,74,0.107654,0.108320,0.116015,0.058895,0.054886,0.000300,0.000002,0.101723,37082004,10309693,134679,214286,8402,1701,9753735,100075,107417,331529781,130901789,266144,1373840,8742,3133,128441000,249692,953350
6,track_nb-aarch64,277488,42697025998,24580,1020,214,549914006242195,-537364402,42741505972,75258,355915212,201648,209,205,214,207,210,0,0,1,0.107654,0.108320,0.116015,0.058895,0.054886,0.000300,0.000002,0.101723,1328891700,450277247,2845701,6375978,161671,30923,471570208,2751285,1848522,3545584033,1587133931,23877372,6556500,15081631,18375,1607920297,24529958,2038324
5,track_nb-aarch64,277488,43809925055,24580,1021,207,549913822163572,-184078623,43857423001,75108,290497966,185729,207,205,206,205,206,0,0,1,0.107654,0.108320,0.116015,0.058895,0.054886,0.000300,0.000002,0.101723,1331753090,454587337,2932191,6521445,161882,29232,477294462,2808540,1839237,3544811822,1591948176,24008077,6456981,15109943,19171,1625699980,24325436,1865347
8,track_nb-aarch64,277488,43627753143,24580,1023,208,549914374427893,552264321,43676551869,75428,327047957,196809,208,205,205,205,205,0,0,1,0.107654,0.108320,0.116015,0.058895,0.054886,0.000300,0.000002,0.101723,1421315792,471696623,2917142,6603107,161218,27283,444144571,2728893,1729627,3590124703,1599700496,24326937,6518716,15204993,12114,1589929889,23905406,2029282
7,track_nb-aarch64,277488,45474466171,24580,1020,214,549914190328628,-184099265,45555308469,75227,364312651,202089,205,214,214,205,208,0,0,1,0.107654,0.108320,0.116015,0.058895,0.054886,0.000300,0.000002,0.101723,1308321441,457170882,2821646,6211224,159419,27050,465890030,2760297,1780264,3589568344,1606217870,24018918,6490186,15254303,22380,1583326220,23624060,2146762
9,track_nb-aarch64,277488,45204060403,24580,1022,207,549914558521187,368192559,45299117821,75118,331025735,191744,206,207,207,204,205,0,0,1,0.107654,0.108320,0.116015,0.058895,0.054886,0.000300,0.000002,0.101723,1435856876,484315605,2867716,6517221,162078,26522,453106090,2731630,1785552,3484584942,1563134639,23425486,6509179,15231512,12654,1563864724,23712396,1827769
4,radar_correlator-aarch64,12952,65593214,3,1,1,549961723129753,0,85105783,109421,1754425,663446,1,1,1,0,0,0,0,0,0.095325,0.096695,0.116196,0.050123,0.050285,0.000088,0.000382,0.073355,202073,64186,1036,1772,121,66,10,2,10,844558,351007,3004,4445,294,211,15501,0,0
7,temporal_mitigation-noapi-aarch64,68888,125523652,0,0,0,549961706547736,-16582017,139875046,0,0,0,0,0,0,0,0,0,0,0,0.095325,0.096695,0.116196,0.050123,0.050285,0.000088,0.000382,0.073355,0,0,0,0,0,0,0,0,0,2572003,911209,3622,9364,345,239,0,0,0
8,temporal_mitigation-noapi-aarch64,68888,25133651,0,0,0,549961791600644,85052908,65793074,0,0,0,0,0,0,0,0,0,0,0,0.095325,0.096695,0.116196,0.050123,0.050285,0.000088,0.000382,0.073355,0,0,0,0,0,0,0,0,0,1445832,904382,2596,9508,203,178,374132,0,0
12,temporal_mitigation-aarch64,68760,46972683,4,1,1,549961805279631,13678987,88387291,15101,13892058,3994089,1,1,0,0,0,1,1,0,0.095325,0.096695,0.116196,0.050123,0.050285,0.000088,0.000382,0.073355,253583,11322,739,843,88,44,367,63,0,122708,840654,4511,10329,416,272,865526,564,0
5,radar_correlator-aarch64,12952,16453864,3,1,1,549961916604704,111325073,54610137,49575,109731,80144,0,0,1,1,1,0,0,0,0.095325,0.096695,0.116196,0.050123,0.050285,0.000088,0.000382,0.073355,72101,23417,435,235,26,15,19964,146,176,865821,346121,2302,3761,192,202,0,0,0
13,temporal_mitigation-aarch64,68760,24226291,4,1,1,549961928381271,11776567,56656481,4370,2167937,874860,1,1,0,0,0,1,1,0,0.095325,0.096695,0.116196,0.050123,0.050285,0.000088,0.000382,0.073355,117240,2996,354,427,22,13,9256,494,531,8021,514403,3180,9833,251,214,898910,2130,0
9,temporal_mitigation-noapi-aarch64,68888,44737510,0,0,0,549961900685984,-27695287,86448427,0,0,0,0,0,0,0,0,0,0,0,0.095325,0.096695,0.116196,0.050123,0.050285,0.000088,0.000382,0.073355,0,0,0,0,0,0,0,0,0,8037,360876,2608,9153,212,178,901562,1526,0
25,radar_correlator-noapi-aarch64,13080,8816381,0,0,0,549961954505561,53819577,56644940,0,0,0,0,0,0,0,0,0,0,0,0.095325,0.096695,0.116196,0.050123,0.050285,0.000088,0.000382,0.073355,0,0,0,0,0,0,0,0,0,1213952,436921,2667,5202,212,141,0,0,0
26,radar_correlator-noapi-aarch64,13080,27829651,0,0,0,549962062728015,108222454,86614944,0,0,0,0,0,0,0,0,0,0,0,0.095325,0.096695,0.116196,0.050123,0.050285,0.000088,0.000382,0.073355,0,0,0,0,0,0,0,0,0,1047549,402989,1882,4015,94,92,0,0,0
6,radar_correlator-aarch64,12952,28388857,3,1,1,549962110001288,47273273,81984032,43285,423983,182908,1,1,0,0,1,0,0,0,0.095325,0.096695,0.116196,0.050123,0.050285,0.000088,0.000382,0.073355,133961,21137,212,512,26,9,20991,206,294,865683,345968,1941,3389,151,114,0,0,0
21,pulse_doppler-nb-aarch64,17496,297980404,512,113,24,549961936595902,-173405386,348255947,11651,1440783,59602,24,24,24,24,24,0,0,0,0.095325,0.096695,0.116196,0.050123,0.050285,0.000088,0.000382,0.073355,2913273,873174,21056,57818,1216,798,1024871,28835,39740,15371912,7099409,61997,72669,1021,1022,7512932,89203,49916
22,pulse_doppler-nb-aarch64,17496,507407089,512,101,26,549962067927124,131331222,556597254,11671,6524842,228880,26,26,26,24,26,0,0,0,0.095325,0.096695,0.116196,0.050123,0.050285,0.000088,0.000382,0.073355,3998509,739194,19777,43391,1106,658,1152669,23486,44057,1724886,7732904,74518,109259,2482,2166,9877809,58202,8821
14,wifi-tx-nb-aarch64,62288,753730431,100,10,2,549961876683986,-191243138,814047637,12902,8341163,105898,2,2,2,2,2,0,0,0,0.095325,0.096695,0.116196,0.050123,0.050285,0.000088,0.000382,0.073355,871666,189040,4460,10959,367,137,228771,4184,7425,56823745,14707147,19058,420485,1415,1186,22129822,19957,97576
23,pulse_doppler-nb-aarch64,17496,467865758,512,5,26,549962199264297,322580311,536164722,11492,6522052,184806,25,25,24,25,26,0,0,0,0.095325,0.096695,0.116196,0.050123,0.050285,0.000088,0.000382,0.073355,3769057,1084692,23236,50775,1061,656,962603,21017,39943,20701838,7641070,69316,91825,1582,1560,3301176,76910,41070
24,pulse_doppler-nb-aarch64,17496,488332112,512,77,26,549962330593359,131329062,543794734,11532,15467436,201252,25,26,26,24,25,0,0,0,0.095325,0.096695,0.116196,0.050123,0.050285,0.000088,0.000382,0.073355,3888300,902133,20998,58820,1505,762,1152146,24566,31665,13365923,3742167,79470,70936,2212,2076,9103140,114345,65898
15,wifi-tx-nb-aarch64,62288,942987750,100,9,2,549962046837177,-283756182,1001113848,12591,948315,35774,2,2,2,2,2,0,0,0,0.095325,0.096695,0.116196,0.050123,0.050285,0.000088,0.000382,0.073355,797828,192990,3748,12412,341,110,183830,4711,7629,43452309,17662793,17088,433044,1560,2020,25950763,18466,86323
16,wifi-tx-nb-aarch64,62288,1137757412,100,10,2,549962216988498,170151321,1192046226,12791,635084,24764,2,2,2,2,2,0,0,0,0.095325,0.096695,0.116196,0.050123,0.050285,0.000088,0.000382,0.073355,765599,220142,4530,12684,334,156,191693,4335,6564,62666473,20302163,19551,447284,1051,1087,18230064,20322,108352
17,wifi-tx-nb-aarch64,62288,1109594918,100,9,2,549962387169842,170181344,1167543978,12961,1295049,53667,2,2,2,2,2,0,0,0,0.095325,0.096695,0.116196,0.050123,0.050285,0.000088,0.000382,0.073355,739608,212972,4454,11764,312,176,209531,5239,6761,57889778,20563934,21551,454618,910,780,20500692,20252,106403
18,wifi-tx-nb-aarch64,62288,1104367405,100,9,2,549962557290370,170120528,1183852587,12612,4074877,88442,2,2,2,2,2,0,0,0,0.095325,0.096695,0.116196,0.050123,0.050285,0.000088,0.000382,0.073355,724817,199408,4717,10701,327,141,218972,4412,6544,55047239,20566578,22816,515203,924,838,18205092,19148,91486
11,SAR_nb-aarch64,18024,3192907367,2305,504,127,549961962544695,-594745675,3274873006,8291,13395108,42251,127,124,124,98,96,0,0,124,0.095325,0.096695,0.116196,0.050123,0.050285,0.000088,0.000382,0.073355,29798355,9655968,123672,249339,7582,1277,11040721,103604,123985,332307316,121578351,311391,1301415,21938,5084,132364257,262062,1300052
20,SAR-noapi-aarch64,21984,3446134728,0,0,0,549961999562453,37017758,3510921182,0,0,0,0,0,0,0,0,0,0,0,0.095325,0.096695,0.116196,0.050123,0.050285,0.000088,0.000382,0.073355,0,0,0,0,0,0,0,0,0,375220300,137269352,278314,1541941,25483,4162,138659646,252529,697753
10,SAR_nb-aarch64,18024,3938984162,2305,448,120,549961785886093,-213676360,3979680409,8410,1344385,36686,120,114,120,100,87,0,0,116,0.095325,0.096695,0.116196,0.050123,0.050285,0.000088,0.000382,0.073355,38642900,7865487,119514,228955,7277,1903,13010791,124183,111365,361065259,129258472,178522,1300361,12269,3064,123040796,301763,1237546
19,SAR-noapi-aarch64,21984,3904302327,0,0,0,549961882027789,96141696,3965116424,0,0,0,0,0,0,0,0,0,0,0,0.095325,0.096695,0.116196,0.050123,0.050285,0.000088,0.000382,0.073355,0,0,0,0,0,0,0,0,0,369471133,141324567,332170,1449281,13124,3839,152976043,275926,783503
0,track_nb-aarch64,277488,38384383120,24580,1023,210,549961706547736,-175480053,38398270158,75508,296768122,184403,205,210,207,205,205,0,0,1,0.095325,0.096695,0.116196,0.050123,0.050285,0.000088,0.000382,0.073355,1470971636,437451105,2832132,6572440,161007,24947,465506988,2847519,1856009,3570186674,1595145965,24027180,6369621,15270391,12914,1605534380,24290194,2131086
1,track_nb-aarch64,277488,38834044229,24580,1023,205,549961846321272,139773536,38882993020,75037,298407706,196112,205,205,205,205,205,0,0,1,0.095325,0.096695,0.116196,0.050123,0.050285,0.000088,0.000382,0.073355,1376877845,445749533,2857062,6504317,156622,24463,457568753,2870491,1880153,3584792213,1598496161,24214608,6580562,15102016,10340,1591021495,23988521,2017967
2,track_nb-aarch64,277488,38858781051,24580,1021,205,549962000541911,154220639,38931609148,75368,306600805,196269,205,205,205,205,205,0,0,1,0.095325,0.096695,0.116196,0.050123,0.050285,0.000088,0.000382,0.073355,1448044123,454666846,2794980,6668085,155336,21970,438727220,2710169,1832291,3583218863,1603562422,23952133,6345433,15348628,10902,1611164783,24046226,2077794
3,track_nb-aarch64,277488,39260196349,24580,1019,207,549962160040158,159498247,39338400473,75178,286642330,180351,207,206,205,205,205,0,0,1,0.095325,0.096695,0.116196,0.050123,0.050285,0.000088,0.000382,0.073355,1381267963,470184553,2780893,6722746,162195,21986,459498986,2829045,1842718,3594670280,1603159233,24441356,6516631,15276546,9644,1571900713,24123293,2077537
