app_id,app_name,app_size,app_runtime,app_task_count,max_in_ready_queue,max_in_todo_queue,ref_arrival_time,app_diff_arrival_time,app_lifetime,app_api_min,app_api_max,app_api_mean,cpu1_todo_queue,cpu2_todo_queue,cpu3_todo_queue,cpu4_todo_queue,cpu5_todo_queue,cpu6_todo_queue,cpu7_todo_queue,gpu1_todo_queue,cpu1,cpu2,cpu3,cpu4,cpu5,cpu6,cpu7,gpu1,API_INSTRUCTIONS,API_CACHE_REFERENCES,API_CACHE_MISSES,API_BRANCH_MISSES,API_DTLB_READ_MISS,API_ITLB_READ_MISS,API_L1D_READ_ACCESS,API_L1D_READ_MISS,API_L1I_READ_MISS,APP_INSTRUCTIONS,APP_CACHE_REFERENCES,APP_CACHE_MISSES,APP_BRANCH_MISSES,APP_DTLB_READ_MISS,APP_ITLB_READ_MISS,APP_L1D_READ_ACCESS,APP_L1D_READ_MISS,APP_L1I_READ_MISS
5,wifi-tx-nb-jetson,62248,13588544,100,6,1,17111395644668800,0,23453856,11872,1159168,82750,1,1,1,1,1,1,1,0,0.207734,0.063898,0.062345,0.061377,0.059869,0.061488,0.064416,0.000000,161579,221724,10371,22832,6284,1809,413011,5560,7775,12785632,3770320,29994,27935,3779,2219,0,0,0
12,temporal_mitigation-jetson,68720,3130912,4,1,1,17111395682553120,37884320,25695200,11680,20864,16704,0,0,1,1,1,1,0,0,0.207734,0.063898,0.062345,0.061377,0.059869,0.061488,0.064416,0.000000,39668,388,49,63,170,16,7722,337,1483,1699330,541277,4227,3158,1263,558,0,0,0
14,radar_correlator-jetson,12912,14605632,3,1,1,17111395688501920,5948800,38168160,89184,109024,98560,1,1,0,0,0,0,1,0,0.207734,0.063898,0.062345,0.061377,0.059869,0.061488,0.064416,0.000000,199637,59987,1137,1129,176,41,19591,446,1170,4200285,2690380,6410,30451,12909,778,1392262,0,0
19,temporal_mitigation-noapi-jetson,68848,4932832,0,0,0,17111395746204032,57702112,25960736,0,0,0,0,0,0,0,0,0,0,0,0.207734,0.063898,0.062345,0.061377,0.059869,0.061488,0.064416,0.000000,0,0,0,0,0,0,0,0,0,1713907,543101,2808,2362,1034,377,0,0,0
6,wifi-tx-nb-jetson,62248,36978656,100,10,1,17111395754006496,7802464,58950496,6592,1230624,68619,1,1,1,1,1,1,1,0,0.207734,0.063898,0.062345,0.061377,0.059869,0.061488,0.064416,0.000000,1032235,267583,10072,15643,5668,514,217832,7757,36902,9576813,3675787,29475,31028,2934,1549,1020173,2873,0
28,radar_correlator-noapi-jetson,13040,9934464,0,0,0,17111395777789248,23782752,40643936,0,0,0,0,0,0,0,0,0,0,0,0.207734,0.063898,0.062345,0.061377,0.059869,0.061488,0.064416,0.000000,0,0,0,0,0,0,0,0,0,6855,948806,6866,10495,11186,860,946633,0,0
13,temporal_mitigation-jetson,68720,13102784,4,1,1,17111395790230464,12441216,44359552,9056,27264,14768,0,1,0,1,0,0,1,0,0.207734,0.063898,0.062345,0.061377,0.059869,0.061488,0.064416,0.000000,39668,8053,357,60,53,0,5790,357,1398,1674091,531263,3847,3005,1036,402,0,0,0
15,radar_correlator-jetson,12912,14061664,3,1,1,17111395791823200,1592736,42969632,27488,1414208,490485,0,1,0,0,0,0,1,0,0.207734,0.063898,0.062345,0.061377,0.059869,0.061488,0.064416,0.000000,198733,45582,586,876,219,14,12808,294,1824,2631564,878540,5477,9068,10940,799,0,0,0
20,temporal_mitigation-noapi-jetson,68848,16370688,0,0,0,17111395892538944,100715744,46152256,0,0,0,0,0,0,0,0,0,0,0,0.207734,0.063898,0.062345,0.061377,0.059869,0.061488,0.064416,0.000000,0,0,0,0,0,0,0,0,0,631142,538705,2220,3845,841,342,344113,0,0
16,radar_correlator-jetson,12912,42844672,3,1,1,17111395895128192,2589248,71484032,48896,329056,163584,0,0,1,1,1,0,0,0,0.207734,0.063898,0.062345,0.061377,0.059869,0.061488,0.064416,0.000000,704,48,613,1574,312,37,51548,932,1089,2605065,873406,6371,9139,12289,807,0,0,0
29,radar_correlator-noapi-jetson,13040,8647616,0,0,0,17111395927904960,32776768,43772096,0,0,0,0,0,0,0,0,0,0,0,0.207734,0.063898,0.062345,0.061377,0.059869,0.061488,0.064416,0.000000,0,0,0,0,0,0,0,0,0,39900,975547,4005,10329,12618,581,962864,0,0
30,radar_correlator-noapi-jetson,13040,15578880,0,0,0,17111396077734464,149829504,77053760,0,0,0,0,0,0,0,0,0,0,0,0.207734,0.063898,0.062345,0.061377,0.059869,0.061488,0.064416,0.000000,0,0,0,0,0,0,0,0,0,2312122,904603,5800,9319,11981,370,172129,0,0
18,radar_correlator-jetson,12912,34653376,3,1,1,17111396101718080,23983616,96911008,30912,42496,36885,0,0,1,1,1,0,0,0,0.207734,0.063898,0.062345,0.061377,0.059869,0.061488,0.064416,0.000000,134116,28899,740,1155,207,11,12344,615,2497,2604475,860283,4805,8395,11192,538,0,0,0
17,radar_correlator-jetson,12912,256706432,3,1,1,17111395999098144,-102619936,325849632,36704,210144,97568,1,0,1,0,0,0,1,0,0.207734,0.063898,0.062345,0.061377,0.059869,0.061488,0.064416,0.000000,65330,26234,659,1160,226,18,25672,655,1796,2605820,857188,3452,8558,11856,550,0,0,0
31,radar_correlator-noapi-jetson,13040,45556576,0,0,0,17111396227708672,228610528,129188480,0,0,0,0,0,0,0,0,0,0,0,0.207734,0.063898,0.062345,0.061377,0.059869,0.061488,0.064416,0.000000,0,0,0,0,0,0,0,0,0,1277114,915935,6642,9683,11873,571,512037,0,0
23,SAR-noapi-jetson,21944,609317056,0,0,0,17111395761526432,-466182240,627654528,0,0,0,0,0,0,0,0,0,0,0,0.207734,0.063898,0.062345,0.061377,0.059869,0.061488,0.064416,0.000000,0,0,0,0,0,0,0,0,0,254603362,67090274,663110,197478,287275,7601,71870566,428419,376052
7,wifi-tx-nb-jetson,62248,588415168,100,10,2,17111395863362016,101835584,627533600,5984,2925216,72349,1,2,2,1,2,1,1,0,0.207734,0.063898,0.062345,0.061377,0.059869,0.061488,0.064416,0.000000,1129734,260409,9602,12184,6094,440,235189,7586,34491,3832017,3349754,29065,25723,2966,958,2453279,2302,0
32,radar_correlator-noapi-jetson,13040,27264480,0,0,0,17111396377675936,514313920,159839424,0,0,0,0,0,0,0,0,0,0,0,0.207734,0.063898,0.062345,0.061377,0.059869,0.061488,0.064416,0.000000,0,0,0,0,0,0,0,0,0,2819239,917027,2673,8784,11605,241,0,0,0
24,SAR-noapi-jetson,21944,755274368,0,0,0,17111395903976832,-473699104,784768800,0,0,0,0,0,0,0,0,0,0,0,0.207734,0.063898,0.062345,0.061377,0.059869,0.061488,0.064416,0.000000,0,0,0,0,0,0,0,0,0,246129948,72216523,615649,189436,301346,2643,64688813,563583,416025
27,SAR-noapi-jetson,21944,551809184,0,0,0,17111396331336992,427360160,563213312,0,0,0,0,0,0,0,0,0,0,0,0.207734,0.063898,0.062345,0.061377,0.059869,0.061488,0.064416,0.000000,0,0,0,0,0,0,0,0,0,282859584,73700553,656502,173116,127404,3225,64596169,514272,198681
25,SAR-noapi-jetson,21944,1234997184,0,0,0,17111396046432448,-284904544,1291144032,0,0,0,0,0,0,0,0,0,0,0,0.207734,0.063898,0.062345,0.061377,0.059869,0.061488,0.064416,0.000000,0,0,0,0,0,0,0,0,0,262892838,76980969,648695,185103,228063,3203,69753721,605273,561838
26,SAR-noapi-jetson,21944,1145436992,0,0,0,17111396188885728,142453280,1170859104,0,0,0,0,0,0,0,0,0,0,0,0.207734,0.063898,0.062345,0.061377,0.059869,0.061488,0.064416,0.000000,0,0,0,0,0,0,0,0,0,268827187,72451073,598489,186670,204915,3515,68515573,673653,612647
21,SAR_nb-jetson,17984,2401951488,2305,420,76,17111395780203264,-408682464,2442252224,1408,49070144,37684,74,73,73,73,74,76,75,0,0.207734,0.063898,0.062345,0.061377,0.059869,0.061488,0.064416,0.000000,50765357,10092073,220261,189366,144898,3048,10041066,237410,735085,223676007,58682424,507476,115642,123302,6855,62000378,452535,298627
22,SAR_nb-jetson,17984,3620796960,2305,436,74,17111395950763072,170559808,3631573984,1248,6578784,16055,73,73,74,73,73,73,73,0,0.207734,0.063898,0.062345,0.061377,0.059869,0.061488,0.064416,0.000000,56352297,11755922,232043,177582,135837,2097,9882837,233658,744717,219836608,66604474,445608,163897,391986,6936,53646228,456522,550894
8,pulse_doppler-nb-jetson,17456,9585646624,512,11,19,17111395731832160,-218930912,9603941760,5312,41320672,183409,18,18,18,18,18,19,19,0,0.207734,0.063898,0.062345,0.061377,0.059869,0.061488,0.064416,0.000000,5600271,1303824,50970,58005,31900,2044,1152977,44566,204227,12634606,6081169,211172,75227,273342,11018,6398371,77226,150888
0,track_nb-jetson,277448,11960590144,24580,1024,149,17111395679696704,-52135456,11977067424,32896,32328800,72231,149,146,141,140,140,147,139,0,0.207734,0.063898,0.062345,0.061377,0.059869,0.061488,0.064416,0.000000,2404153465,469641398,6194800,5630207,1833073,33272,453973449,6430625,10356482,3382462778,518670119,33413746,3749733,7462269,25770,545346869,37256125,2930418
9,pulse_doppler-nb-jetson,17456,12305696800,512,13,19,17111395901554272,221857568,12335970112,5088,1827616,60951,17,19,13,13,15,12,12,0,0.207734,0.063898,0.062345,0.061377,0.059869,0.061488,0.064416,0.000000,5639408,1263299,49936,55090,32814,1156,1028016,45577,206767,16736125,6257221,195649,63383,104727,2483,4921830,163799,351619
11,pulse_doppler-nb-jetson,17456,11926499552,512,6,19,17111396241014656,339460384,12008100864,5184,1462240,56265,18,18,18,19,19,18,18,0,0.207734,0.063898,0.062345,0.061377,0.059869,0.061488,0.064416,0.000000,5945189,1274192,48100,52307,34449,1123,992739,41995,226704,3076129,4963831,154420,77195,346277,3670,7820940,152055,48053
1,track_nb-jetson,277448,12420206976,24580,1024,147,17111395824951456,-416063200,12443965440,33152,19452832,59305,147,141,147,142,141,141,141,0,0.207734,0.063898,0.062345,0.061377,0.059869,0.061488,0.064416,0.000000,2399379043,469455988,6467872,5399993,1808091,31867,461038361,6317191,10484685,3388916360,505299149,37370714,3666295,6966663,14170,518804447,34127729,3345907
10,pulse_doppler-nb-jetson,17456,12176110432,512,15,18,17111396071276736,246325280,12237263712,5472,17408448,115647,18,10,10,9,9,17,10,0,0.207734,0.063898,0.062345,0.061377,0.059869,0.061488,0.064416,0.000000,5076051,1020425,45750,56830,36031,1336,1167882,49751,217560,1657772,2329531,222006,81986,345152,3736,8240144,192643,0
3,track_nb-jetson,277448,12243570080,24580,614,152,17111396117265344,45988608,12326747392,32864,20516928,55067,152,99,136,99,98,92,90,0,0.207734,0.063898,0.062345,0.061377,0.059869,0.061488,0.064416,0.000000,2393958766,472563817,5844948,5473666,1720193,30886,462519513,6012762,9831471,3510108261,516254323,34573491,3954717,7500633,22171,530440107,34849402,3385355
2,track_nb-jetson,277448,12497865792,24580,934,147,17111395970215008,-147050336,12563658208,32960,18893088,54234,147,134,132,133,132,133,130,0,0.207734,0.063898,0.062345,0.061377,0.059869,0.061488,0.064416,0.000000,2383957448,464564043,6413895,5517222,1743767,30118,459660914,6252826,9997624,3554492096,500555565,36415655,3591090,5325585,26670,514585918,31543338,3681122
4,track_nb-jetson,277448,12461628992,24580,1024,149,17111396260756064,290541056,12543753536,33024,19925152,55323,149,140,144,141,141,140,139,0,0.207734,0.063898,0.062345,0.061377,0.059869,0.061488,0.064416,0.000000,2441933638,484210726,6655339,5566073,1725258,30258,439095825,6195524,9777387,3404240725,501401764,33571226,3757252,5113834,34790,552481764,38476479,2654597
4,temporal_mitigation-noapi-jetson,68848,1632864,0,0,0,17111410996430624,0,18213344,0,0,0,0,0,0,0,0,0,0,0,0.198220,0.061076,0.057820,0.061888,0.057379,0.056839,0.060816,0.000000,0,0,0,0,0,0,0,0,0,2262,549014,3676,4975,1013,433,548351,0,0
12,radar_correlator-jetson,12912,18269344,3,1,1,17111411009386688,12956064,36843456,62144,143712,89941,1,0,1,0,0,1,0,0,0.198220,0.061076,0.057820,0.061888,0.057379,0.056839,0.060816,0.000000,704,48,1001,1738,380,81,61252,1286,885,1569399,2753147,6951,30998,10771,605,2259402,0,0
14,wifi-tx-nb-jetson,62248,18870880,100,10,2,17111411009894464,507776,41446528,7232,389024,26688,2,1,1,1,1,1,1,0,0.198220,0.061076,0.057820,0.061888,0.057379,0.056839,0.060816,0.000000,584014,148771,6816,17016,5981,1394,406635,8188,25991,609744,2516941,28144,27624,3631,1019,3396278,9192,0
9,radar_correlator-noapi-jetson,13040,1802464,0,0,0,17111411026633632,16739168,31288384,0,0,0,0,0,0,0,0,0,0,0,0.198220,0.061076,0.057820,0.061888,0.057379,0.056839,0.060816,0.000000,0,0,0,0,0,0,0,0,0,1794259,940570,4208,10013,11907,394,377481,0,0
24,temporal_mitigation-jetson,68720,2056576,4,1,1,17111411116763904,90130272,27827936,9120,31328,18152,1,1,1,0,1,0,0,0,0.198220,0.061076,0.057820,0.061888,0.057379,0.056839,0.060816,0.000000,28687,5816,244,273,264,18,2245,112,727,1690981,538020,4005,3800,1209,536,0,0,0
5,temporal_mitigation-noapi-jetson,68848,986784,0,0,0,17111411115114240,-1649664,31538816,0,0,0,0,0,0,0,0,0,0,0,0.198220,0.061076,0.057820,0.061888,0.057379,0.056839,0.060816,0.000000,0,0,0,0,0,0,0,0,0,1697896,536912,2645,2008,729,365,0,0,0
13,radar_correlator-jetson,12912,16959648,3,1,1,17111411124734528,9620288,36936576,29184,433024,168192,0,0,0,1,1,0,0,0,0.198220,0.061076,0.057820,0.061888,0.057379,0.056839,0.060816,0.000000,134053,19666,335,562,305,25,46353,540,1856,251464,2780422,6415,29801,11433,515,2691879,0,0
15,wifi-tx-nb-jetson,62248,49462048,100,10,2,17111411116499584,-8234944,80458528,6432,7423584,104159,2,1,1,2,1,1,1,0,0.198220,0.061076,0.057820,0.061888,0.057379,0.056839,0.060816,0.000000,1194530,245921,7468,11205,6057,424,239812,8407,40885,162152,1240194,27994,25965,4204,559,3261341,16927,0
10,radar_correlator-noapi-jetson,13040,38709984,0,0,0,17111411167770944,51271360,69511680,0,0,0,0,0,0,0,0,0,0,0,0.198220,0.061076,0.057820,0.061888,0.057379,0.056839,0.060816,0.000000,0,0,0,0,0,0,0,0,0,2806900,917932,4389,9272,11045,484,0,0,0
6,temporal_mitigation-noapi-jetson,68848,8554048,0,0,0,17111411237471040,69700096,45242784,0,0,0,0,0,0,0,0,0,0,0,0.198220,0.061076,0.057820,0.061888,0.057379,0.056839,0.060816,0.000000,0,0,0,0,0,0,0,0,0,1697885,527751,2016,2182,819,181,0,0,0
7,temporal_mitigation-noapi-jetson,68848,6508256,0,0,0,17111411352489952,115018912,52009792,0,0,0,0,0,0,0,0,0,0,0,0.198220,0.061076,0.057820,0.061888,0.057379,0.056839,0.060816,0.000000,0,0,0,0,0,0,0,0,0,1697943,527820,2542,2291,844,235,0,0,0
11,radar_correlator-noapi-jetson,13040,37754496,0,0,0,17111411308909760,-43580192,128239584,0,0,0,0,0,0,0,0,0,0,0,0.198220,0.061076,0.057820,0.061888,0.057379,0.056839,0.060816,0.000000,0,0,0,0,0,0,0,0,0,2791517,910785,3858,8812,12125,418,0,0,0
25,temporal_mitigation-jetson,68720,104236064,4,1,1,17111411301809248,-7100512,184207680,6912,2688640,684672,1,0,0,0,1,1,1,0,0.198220,0.061076,0.057820,0.061888,0.057379,0.056839,0.060816,0.000000,22890,4876,376,223,245,16,3528,221,746,1674467,524545,3526,2853,997,365,0,0,0
8,temporal_mitigation-noapi-jetson,68848,1821120,0,0,0,17111411471164800,169355552,18468192,0,0,0,0,0,0,0,0,0,0,0,0.198220,0.061076,0.057820,0.061888,0.057379,0.056839,0.060816,0.000000,0,0,0,0,0,0,0,0,0,1700292,528175,1677,2269,700,175,0,0,0
28,SAR-noapi-jetson,21944,506865664,0,0,0,17111411042569376,-428595424,527527904,0,0,0,0,0,0,0,0,0,0,0,0.198220,0.061076,0.057820,0.061888,0.057379,0.056839,0.060816,0.000000,0,0,0,0,0,0,0,0,0,247222809,69834941,647498,156047,254956,4938,70516635,374165,56916
16,wifi-tx-nb-jetson,62248,353400256,100,10,2,17111411223113984,180544608,379641376,6144,9681952,247776,2,1,1,1,1,1,1,0,0.198220,0.061076,0.057820,0.061888,0.057379,0.056839,0.060816,0.000000,999354,248172,10394,13483,6228,477,257997,8452,30099,10502924,3955661,29072,29561,3475,1374,733508,0,0
26,temporal_mitigation-jetson,68720,100034208,4,1,1,17111411486580512,263466528,125570304,11232,1265056,330032,1,0,0,0,0,1,1,0,0.198220,0.061076,0.057820,0.061888,0.057379,0.056839,0.060816,0.000000,16207,4552,195,200,282,23,8050,177,767,914,534478,3114,4839,1220,555,534265,0,0
27,temporal_mitigation-jetson,68720,87258048,4,1,1,17111411671485856,184905344,115297760,6752,289664,84808,1,1,1,1,0,0,0,0,0.198220,0.061076,0.057820,0.061888,0.057379,0.056839,0.060816,0.000000,24313,8070,338,151,186,8,3541,136,1068,722545,532881,3037,4023,1065,246,310423,0,0
19,SAR_nb-jetson,17984,930438112,2305,144,73,17111411104912064,-566573792,970992672,1312,2965568,16975,73,33,35,33,35,29,26,0,0.198220,0.061076,0.057820,0.061888,0.057379,0.056839,0.060816,0.000000,48744804,9980005,220202,198924,129697,3818,10206600,242486,758690,252601672,66721707,417288,99674,305786,7826,51866204,377311,436846
29,SAR-noapi-jetson,21944,1057337888,0,0,0,17111411144201760,39289696,1067695808,0,0,0,0,0,0,0,0,0,0,0,0.198220,0.061076,0.057820,0.061888,0.057379,0.056839,0.060816,0.000000,0,0,0,0,0,0,0,0,0,277061628,73467177,482791,189367,74051,3866,59955965,634094,351322
30,SAR-noapi-jetson,21944,1266120032,0,0,0,17111411245841344,101639584,1286709824,0,0,0,0,0,0,0,0,0,0,0,0.198220,0.061076,0.057820,0.061888,0.057379,0.056839,0.060816,0.000000,0,0,0,0,0,0,0,0,0,279704182,73571369,674781,175362,205309,2893,54233858,476906,707011
31,SAR-noapi-jetson,21944,1255906752,0,0,0,17111411347477664,101636320,1330607648,0,0,0,0,0,0,0,0,0,0,0,0.198220,0.061076,0.057820,0.061888,0.057379,0.056839,0.060816,0.000000,0,0,0,0,0,0,0,0,0,226167674,64295729,517814,205310,344678,2613,75282232,603522,780255
32,SAR-noapi-jetson,21944,1199141568,0,0,0,17111411449119840,101642176,1269600608,0,0,0,0,0,0,0,0,0,0,0,0.198220,0.061076,0.057820,0.061888,0.057379,0.056839,0.060816,0.000000,0,0,0,0,0,0,0,0,0,286201984,77965549,443860,167488,203928,1371,65455231,682521,609276
17,wifi-tx-nb-jetson,62248,1673349664,100,10,2,17111411329744096,-119375744,1744952320,5664,12171968,233649,2,2,1,2,2,2,2,0,0.198220,0.061076,0.057820,0.061888,0.057379,0.056839,0.060816,0.000000,983422,218341,8506,11528,6143,320,263921,9468,41475,4004,158025,21024,25531,3512,731,3697373,24015,10778
18,wifi-tx-nb-jetson,62248,1895297312,100,10,2,17111411437243168,107499072,1958105632,5696,17304032,323898,2,2,2,2,2,2,2,0,0.198220,0.061076,0.057820,0.061888,0.057379,0.056839,0.060816,0.000000,1064915,235573,7767,10501,6170,220,234242,8042,42671,2984827,3493527,28577,26672,3675,773,2552735,0,0
20,SAR_nb-jetson,17984,3188252000,2305,495,74,17111411297585312,-139657856,3265804000,1344,5555456,15570,73,73,73,74,73,73,73,0,0.198220,0.061076,0.057820,0.061888,0.057379,0.056839,0.060816,0.000000,47385734,10941694,235709,194426,148039,1996,10467662,198582,647488,202005846,50056553,490477,159527,379966,6432,61003235,307601,1062671
21,pulse_doppler-nb-jetson,17456,6783638880,512,128,19,17111411064654048,-232931264,6824484704,5312,4220064,96162,18,18,19,19,18,18,18,0,0.198220,0.061076,0.057820,0.061888,0.057379,0.056839,0.060816,0.000000,5625020,1312553,49605,64412,35216,1909,949978,35845,172598,12316687,4991232,187272,51256,208073,3652,8004633,201218,246513
0,track_nb-jetson,277448,10493110656,24580,455,152,17111411068132448,3478400,10522871456,32768,20396064,65585,148,117,140,148,152,116,94,0,0.198220,0.061076,0.057820,0.061888,0.057379,0.056839,0.060816,0.000000,2383360875,477327946,6448122,5576283,1808363,26100,450291969,6282226,10229451,3472871405,519573372,37849949,3548347,7368001,20993,557356212,32693031,3584953
22,pulse_doppler-nb-jetson,17456,10357220416,512,11,17,17111411207482496,139350048,10384371744,5600,8074784,134751,11,17,7,16,7,6,8,0,0.198220,0.061076,0.057820,0.061888,0.057379,0.056839,0.060816,0.000000,5196097,1153497,47237,55676,35393,1464,1151316,45285,205414,17323991,6439038,186219,58986,220349,6154,6753939,178650,257494
23,pulse_doppler-nb-jetson,17456,10214649536,512,8,18,17111411350322080,142839584,10261732704,5376,4138784,84480,11,18,7,6,5,8,4,0,0.198220,0.061076,0.057820,0.061888,0.057379,0.056839,0.060816,0.000000,5709362,1381525,51617,54792,31799,1256,1038258,44313,214650,17090663,6882682,183123,56309,162425,5042,5534678,118720,284473
3,track_nb-jetson,277448,10289517504,24580,1024,149,17111411639741280,289419200,10355005568,32992,20507840,57148,148,142,149,145,144,141,140,0,0.198220,0.061076,0.057820,0.061888,0.057379,0.056839,0.060816,0.000000,2437230578,475029928,6010812,5467188,1791641,25160,456229450,6485108,10407987,3540922272,530552156,33742876,3633878,6667614,21021,502180212,33787516,3162228
2,track_nb-jetson,277448,10556862688,24580,971,147,17111411449231296,-190509984,10571816544,32928,19782496,57478,147,135,136,136,136,135,133,0,0.198220,0.061076,0.057820,0.061888,0.057379,0.056839,0.060816,0.000000,2398420603,487105401,6986057,5591463,1804166,24640,445795403,5687659,10178901,3465366013,527363182,37433703,3734838,7183121,28922,512747758,36220284,3384880
1,track_nb-jetson,277448,10871169280,24580,1024,147,17111411258667552,-190563744,10885186048,32896,20678112,57035,147,142,143,141,141,141,141,0,0.198220,0.061076,0.057820,0.061888,0.057379,0.056839,0.060816,0.000000,2385613244,470223732,6613002,5518836,1807922,24961,457040152,6249686,10220174,3544021030,535716749,36507096,4160569,6637142,25103,528713104,36266703,3260377
11,radar_correlator-jetson,12912,5911584,3,1,1,17111424294235360,0,31055616,48832,73152,64266,0,0,0,1,1,1,0,0,0.182357,0.084348,0.085420,0.076597,0.077743,0.085303,0.081117,0.000000,129938,52344,938,1014,202,11,33461,299,2153,1238046,892976,6477,10319,11346,914,501693,0,0
6,wifi-tx-nb-jetson,62248,52840672,100,10,2,17111424271629504,-22605856,69420416,6912,2829024,238624,2,2,1,2,1,2,2,0,0.182357,0.084348,0.085420,0.076597,0.077743,0.085303,0.081117,0.000000,1226074,350123,10997,17162,5068,1228,244254,6104,29855,16679,2417081,29595,31473,3181,1470,4412501,12261,0
18,temporal_mitigation-jetson,68720,3340864,4,1,1,17111424327797888,56168384,21525632,10304,26304,18616,1,1,0,0,0,1,1,0,0.182357,0.084348,0.085420,0.076597,0.077743,0.085303,0.081117,0.000000,28687,5825,284,192,172,19,5478,252,1099,1705717,544688,4095,3671,1185,569,0,0,0
25,temporal_mitigation-noapi-jetson,68848,5000960,0,0,0,17111424331927552,4129664,24974368,0,0,0,0,0,0,0,0,0,0,0,0.182357,0.084348,0.085420,0.076597,0.077743,0.085303,0.081117,0.000000,0,0,0,0,0,0,0,0,0,1413875,542007,2556,2684,894,328,106428,23,0
28,radar_correlator-noapi-jetson,13040,9557248,0,0,0,17111424361429440,29501888,26576640,0,0,0,0,0,0,0,0,0,0,0,0.182357,0.084348,0.085420,0.076597,0.077743,0.085303,0.081117,0.000000,0,0,0,0,0,0,0,0,0,4452791,2186619,4171,24749,12052,447,810641,0,0
26,temporal_mitigation-noapi-jetson,68848,9578752,0,0,0,17111424460983200,99553760,82345664,0,0,0,0,0,0,0,0,0,0,0,0.182357,0.084348,0.085420,0.076597,0.077743,0.085303,0.081117,0.000000,0,0,0,0,0,0,0,0,0,1697930,537666,2602,2451,811,478,0,0,0
29,radar_correlator-noapi-jetson,13040,56519872,0,0,0,17111424513431872,52448672,72990784,0,0,0,0,0,0,0,0,0,0,0,0.182357,0.084348,0.085420,0.076597,0.077743,0.085303,0.081117,0.000000,0,0,0,0,0,0,0,0,0,973,953641,5714,10001,12154,393,953408,0,0
21,SAR-noapi-jetson,21944,373471328,0,0,0,17111424308916288,-204515584,396713472,0,0,0,0,0,0,0,0,0,0,0,0.182357,0.084348,0.085420,0.076597,0.077743,0.085303,0.081117,0.000000,0,0,0,0,0,0,0,0,0,295644880,82469939,612486,149762,276688,3249,62300416,473912,216062
27,temporal_mitigation-noapi-jetson,68848,29531296,0,0,0,17111424590042752,281126464,144329600,0,0,0,0,0,0,0,0,0,0,0,0.182357,0.084348,0.085420,0.076597,0.077743,0.085303,0.081117,0.000000,0,0,0,0,0,0,0,0,0,1697927,535882,2184,2167,828,257,0,0,0
20,temporal_mitigation-jetson,68720,31289120,4,1,1,17111424609209632,19166880,128689248,18080,36896,26952,0,1,0,1,1,1,0,0,0.182357,0.084348,0.085420,0.076597,0.077743,0.085303,0.081117,0.000000,13354,2615,250,189,196,6,7709,343,1205,10075,532436,3638,5068,1050,377,529318,0,0
30,radar_correlator-noapi-jetson,13040,37121920,0,0,0,17111424664648352,55438720,151806656,0,0,0,0,0,0,0,0,0,0,0,0.182357,0.084348,0.085420,0.076597,0.077743,0.085303,0.081117,0.000000,0,0,0,0,0,0,0,0,0,6768817,2121175,6189,22845,12092,370,0,0,0
31,radar_correlator-noapi-jetson,13040,44554400,0,0,0,17111424817065984,152417632,61678912,0,0,0,0,0,0,0,0,0,0,0,0.182357,0.084348,0.085420,0.076597,0.077743,0.085303,0.081117,0.000000,0,0,0,0,0,0,0,0,0,2535622,2115953,5598,24709,11996,439,1415853,2026,0
19,temporal_mitigation-jetson,68720,518968960,4,1,1,17111424468548672,-348517312,583342400,13312,290720,83360,1,1,0,1,0,0,0,0,0.182357,0.084348,0.085420,0.076597,0.077743,0.085303,0.081117,0.000000,24345,4859,290,196,242,14,5471,204,1114,3988,534304,3411,5576,1016,338,533153,0,0
12,radar_correlator-jetson,12912,607109408,3,1,1,17111424425216992,-43331680,643878624,30592,395264,231157,1,0,0,0,0,0,0,0,0.182357,0.084348,0.085420,0.076597,0.077743,0.085303,0.081117,0.000000,134062,42306,921,919,225,14,13470,371,774,2604854,871642,5868,9220,12080,859,0,0,0
32,radar_correlator-noapi-jetson,13040,64393088,0,0,0,17111424967869472,542652480,144520384,0,0,0,0,0,0,0,0,0,0,0,0.182357,0.084348,0.085420,0.076597,0.077743,0.085303,0.081117,0.000000,0,0,0,0,0,0,0,0,0,6768564,2122046,5610,23358,11904,380,0,0,0
24,SAR-noapi-jetson,21944,657862752,0,0,0,17111424654171264,-313698208,773663968,0,0,0,0,0,0,0,0,0,0,0,0.182357,0.084348,0.085420,0.076597,0.077743,0.085303,0.081117,0.000000,0,0,0,0,0,0,0,0,0,259568999,73628797,617393,202484,184687,4124,60442955,402299,345161
7,wifi-tx-nb-jetson,62248,1209120736,100,10,2,17111424384185728,-269985536,1227166176,5728,1713888,74027,2,2,2,2,2,2,2,0,0.182357,0.084348,0.085420,0.076597,0.077743,0.085303,0.081117,0.000000,1162016,251504,9609,10653,6495,290,215493,8247,33140,2125312,1914912,18666,31080,3345,1194,3208212,15633,17814
13,SAR_nb-jetson,17984,1339461248,2305,193,73,17111424289057984,-95127744,1340860672,1376,1943104,17195,73,31,32,38,32,34,26,0,0.182357,0.084348,0.085420,0.076597,0.077743,0.085303,0.081117,0.000000,43198851,9439412,238290,233152,143411,5334,10584685,225738,678803,236797150,55755070,225447,116800,367325,11316,65445779,503845,268634
22,SAR-noapi-jetson,21944,1251471488,0,0,0,17111424425216992,136159008,1291199584,0,0,0,0,0,0,0,0,0,0,0,0.182357,0.084348,0.085420,0.076597,0.077743,0.085303,0.081117,0.000000,0,0,0,0,0,0,0,0,0,253065002,67306329,561182,220291,208517,3397,68701306,691687,601139
23,SAR-noapi-jetson,21944,1646424064,0,0,0,17111424540466048,115249056,1689450432,0,0,0,0,0,0,0,0,0,0,0,0.182357,0.084348,0.085420,0.076597,0.077743,0.085303,0.081117,0.000000,0,0,0,0,0,0,0,0,0,231138026,65552470,564976,197793,198069,2572,78028390,514358,741255
14,SAR_nb-jetson,17984,2491110944,2305,512,77,17111424398919072,-141546976,2515641344,1472,7908160,17003,73,73,73,73,74,77,75,0,0.182357,0.084348,0.085420,0.076597,0.077743,0.085303,0.081117,0.000000,51454187,11719588,248040,187245,142589,3022,10349909,209801,695291,219393424,61493945,470060,140661,230320,6013,61737965,519455,722554
8,wifi-tx-nb-jetson,62248,2516094144,100,10,2,17111424500302400,101383328,2546066848,5760,1937504,74407,2,2,2,2,2,2,2,0,0.182357,0.084348,0.085420,0.076597,0.077743,0.085303,0.081117,0.000000,1064883,224234,7917,10190,6486,218,222961,8457,41527,9096500,4141018,27963,31481,3403,1060,1225869,0,0
15,SAR_nb-jetson,17984,2727529728,2305,421,74,17111424513431872,13129472,2744702336,1440,6278496,15769,74,73,73,73,73,74,73,0,0.182357,0.084348,0.085420,0.076597,0.077743,0.085303,0.081117,0.000000,58064322,12236818,248371,191133,130012,2328,8949289,238927,789465,238506704,65754555,374296,148164,376079,3209,58613934,507040,747270
9,wifi-tx-nb-jetson,62248,2697349312,100,10,3,17111424609404352,95972480,2795239040,5632,1596480,64570,2,2,1,2,3,2,2,0,0.182357,0.084348,0.085420,0.076597,0.077743,0.085303,0.081117,0.000000,1096967,241870,8159,9083,5674,249,236195,9476,41345,8199,3361,18854,27718,3563,926,3957124,28063,19195
10,wifi-tx-nb-jetson,62248,2614210304,100,10,3,17111424721840192,112435840,2684216864,5600,1539360,62270,2,3,2,2,2,2,2,0,0.182357,0.084348,0.085420,0.076597,0.077743,0.085303,0.081117,0.000000,1097519,229617,7782,8774,5755,167,234731,8638,39119,12733150,4157645,29338,30403,3454,1036,0,0,0
16,SAR_nb-jetson,17984,3307910688,2305,256,74,17111424618761792,-103078400,3396120992,1408,6457888,17325,74,74,73,73,73,72,61,0,0.182357,0.084348,0.085420,0.076597,0.077743,0.085303,0.081117,0.000000,45946256,9962722,226845,194553,148311,2970,10932855,230460,679672,183930005,54921860,537916,177731,226321,5919,64115729,452310,813971
17,SAR_nb-jetson,17984,3430760224,2305,171,79,17111424728678112,109916320,3494745568,1408,5309600,15842,79,65,74,76,74,74,70,0,0.182357,0.084348,0.085420,0.076597,0.077743,0.085303,0.081117,0.000000,51591006,12439824,267231,188930,139644,2259,9571569,209967,698293,246014894,70209316,344919,148105,303224,6729,58339681,511230,749505
0,pulse_doppler-nb-jetson,17456,8416962080,512,25,18,17111424276290496,-452387616,8430762336,5472,1370688,64362,11,11,18,10,10,18,17,0,0.182357,0.084348,0.085420,0.076597,0.077743,0.085303,0.081117,0.000000,4850774,1163014,49081,58875,38183,1829,1167318,37562,164263,14605595,5037614,211402,73537,92025,5846,5252280,227697,315528
2,pulse_doppler-nb-jetson,17456,8167298688,512,9,19,17111424551277120,274986624,8197244192,5312,1851264,90202,12,18,19,18,8,8,12,0,0.182357,0.084348,0.085420,0.076597,0.077743,0.085303,0.081117,0.000000,6076448,1292281,47153,50250,31077,1416,1055061,49964,229970,16031860,2391209,56349,55539,345620,7970,8152724,198048,254162
1,pulse_doppler-nb-jetson,17456,8305848384,512,7,17,17111424413779456,-137497664,8353594752,5664,7925568,105704,10,15,17,11,6,6,7,0,0.182357,0.084348,0.085420,0.076597,0.077743,0.085303,0.081117,0.000000,5173374,1204541,49662,55920,34580,1565,1075750,47623,195372,14188519,5904004,158976,68238,130467,6275,6846577,97336,355393
3,track_nb-jetson,277448,8655449632,24580,1024,148,17111424273167232,-140612224,8673126144,32992,26123552,81396,148,147,147,147,147,146,147,0,0.182357,0.084348,0.085420,0.076597,0.077743,0.085303,0.081117,0.000000,2367856266,466320099,5702315,5514378,1821022,28083,470307310,6489750,10532816,3503288760,558365010,36043597,3567549,6609463,21622,546522470,36914982,2864061
4,track_nb-jetson,277448,8670860640,24580,1024,148,17111424401198208,128030976,8683707360,32736,27903456,93634,148,141,141,144,142,142,141,0,0.182357,0.084348,0.085420,0.076597,0.077743,0.085303,0.081117,0.000000,2445148253,488098096,6776718,5558790,1813893,28537,449859854,6472663,10575778,3458401202,550627523,33949428,3892881,6476931,19887,544358280,36426285,3514513
5,track_nb-jetson,277448,8648978240,24580,901,147,17111424529234528,128036320,8656463712,33056,18264000,53174,147,147,147,125,127,127,126,0,0.182357,0.084348,0.085420,0.076597,0.077743,0.085303,0.081117,0.000000,2388222935,469847030,6096261,5628736,1731625,26320,453955337,6003125,9663988,3574182518,506375052,36034878,3813025,5527951,27567,546847348,32747268,3573414
11,radar_correlator-noapi-jetson,13040,2186784,0,0,0,17111435561543904,0,23599776,0,0,0,0,0,0,0,0,0,0,0,0.205495,0.063293,0.061428,0.061610,0.062661,0.061981,0.065459,0.000000,0,0,0,0,0,0,0,0,0,536072,969381,5544,10557,11883,806,791727,0,0
0,temporal_mitigation-noapi-jetson,68848,837184,0,0,0,17111435588599712,27055808,25234528,0,0,0,0,0,0,0,0,0,0,0,0.205495,0.063293,0.061428,0.061610,0.062661,0.061981,0.065459,0.000000,0,0,0,0,0,0,0,0,0,1725933,545744,2687,2399,1045,364,0,0,0
7,radar_correlator-jetson,12912,7505568,3,1,1,17111435602699200,14099488,25165920,50720,68064,56629,1,0,0,1,0,0,0,0,0.205495,0.063293,0.061428,0.061610,0.062661,0.061981,0.065459,0.000000,129938,45622,601,537,133,11,45607,564,2172,2635313,879276,5252,9152,12258,799,572,0,0
25,temporal_mitigation-jetson,68720,12798080,4,1,1,17111435664647968,61948768,31350112,9408,23072,14648,0,1,1,0,1,0,0,0,0.205495,0.063293,0.061428,0.061610,0.062661,0.061981,0.065459,0.000000,24367,387,54,110,271,17,7721,329,1111,1690889,541900,4334,3344,1211,589,0,0,0
12,radar_correlator-noapi-jetson,13040,11172576,0,0,0,17111435696206560,31558592,31089504,0,0,0,0,0,0,0,0,0,0,0,0.205495,0.063293,0.061428,0.061610,0.062661,0.061981,0.065459,0.000000,0,0,0,0,0,0,0,0,0,2791555,916017,5786,9800,11294,558,0,0,0
1,temporal_mitigation-noapi-jetson,68848,1124928,0,0,0,17111435771365024,75158464,60939616,0,0,0,0,0,0,0,0,0,0,0,0.205495,0.063293,0.061428,0.061610,0.062661,0.061981,0.065459,0.000000,0,0,0,0,0,0,0,0,0,793861,533161,1838,3152,860,446,292195,0,0
8,radar_correlator-jetson,12912,5415680,3,1,1,17111435784974400,13609376,75726848,29120,40320,33248,0,0,1,1,1,0,0,0,0.205495,0.063293,0.061428,0.061610,0.062661,0.061981,0.065459,0.000000,134116,26781,515,1168,280,8,12459,322,1600,2605148,869570,6086,8478,12702,532,0,0,0
26,temporal_mitigation-jetson,68720,37246048,4,1,1,17111435836169760,51195360,93794976,12352,38176,20504,0,1,0,0,1,0,0,0,0.205495,0.063293,0.061428,0.061610,0.062661,0.061981,0.065459,0.000000,28623,8044,368,182,214,4,4499,105,654,1674515,524476,3423,2669,1104,258,0,0,0
9,radar_correlator-jetson,12912,55767168,3,1,1,17111435967251680,131081920,135862976,26688,29088,27722,0,0,1,1,1,0,0,0,0.205495,0.063293,0.061428,0.061610,0.062661,0.061981,0.065459,0.000000,198732,39536,563,371,115,7,26685,540,1551,2050501,800156,6168,8996,12116,572,235330,3104,0
17,wifi-tx-nb-jetson,62248,433865312,100,10,2,17111435650146336,-317105344,457392544,5984,12552896,215756,2,2,2,2,2,2,2,0,0.205495,0.063293,0.061428,0.061610,0.062661,0.061981,0.065459,0.000000,1015960,240731,9246,13190,6193,378,260849,9566,36638,3281523,3956603,30235,32360,3703,1298,2702674,0,0
10,radar_correlator-jetson,12912,33641792,3,1,1,17111436149524384,499378048,90615872,31520,39264,35530,0,0,0,1,1,0,0,0,0.205495,0.063293,0.061428,0.061610,0.062661,0.061981,0.065459,0.000000,198732,39540,288,376,115,11,25662,550,1511,241353,906694,6149,8895,12009,483,822746,233,0
13,SAR_nb-jetson,17984,692032928,2305,219,73,17111435557832384,-591692000,709822112,1472,3798144,15531,73,46,44,51,48,44,41,0,0.205495,0.063293,0.061428,0.061610,0.062661,0.061981,0.065459,0.000000,49816138,9906479,211334,199841,137801,3697,10497899,229895,727271,226307688,63463073,371365,136087,413045,5844,56608925,425446,326405
22,SAR-noapi-jetson,21944,212578656,0,0,0,17111436035720672,477888288,310096576,0,0,0,0,0,0,0,0,0,0,0,0.205495,0.063293,0.061428,0.061610,0.062661,0.061981,0.065459,0.000000,0,0,0,0,0,0,0,0,0,261951995,66073512,440580,146254,184202,4118,69477661,496711,51043
20,SAR-noapi-jetson,21944,762456160,0,0,0,17111435664407872,-371312800,785075328,0,0,0,0,0,0,0,0,0,0,0,0.205495,0.063293,0.061428,0.061610,0.062661,0.061981,0.065459,0.000000,0,0,0,0,0,0,0,0,0,278685164,78329103,505026,132192,207292,6196,63835140,469052,239249
21,SAR-noapi-jetson,21944,1168616608,0,0,0,17111435850064352,185656480,1214136672,0,0,0,0,0,0,0,0,0,0,0,0.205495,0.063293,0.061428,0.061610,0.062661,0.061981,0.065459,0.000000,0,0,0,0,0,0,0,0,0,273104995,74229679,509181,206050,228991,2907,65349070,598062,719412
23,SAR-noapi-jetson,21944,915308640,0,0,0,17111436221729280,371664928,1049033344,0,0,0,0,0,0,0,0,0,0,0,0.205495,0.063293,0.061428,0.061610,0.062661,0.061981,0.065459,0.000000,0,0,0,0,0,0,0,0,0,270864690,77453036,622600,184715,195630,3582,57546721,511495,706577
24,SAR-noapi-jetson,21944,960453280,0,0,0,17111436407031648,185302368,965642368,0,0,0,0,0,0,0,0,0,0,0,0.205495,0.063293,0.061428,0.061610,0.062661,0.061981,0.065459,0.000000,0,0,0,0,0,0,0,0,0,221417561,59290176,502167,228159,297616,11411,76995324,616661,599497
14,SAR_nb-jetson,17984,3000321824,2305,256,74,17111435671058880,-735972768,3027260384,1344,7083584,17470,73,73,74,73,73,73,70,0,0.205495,0.063293,0.061428,0.061610,0.062661,0.061981,0.065459,0.000000,56862610,11384750,221963,144588,127804,1882,11316090,250777,788527,233732228,66856546,516684,136935,328698,6115,52272193,378182,375019
18,wifi-tx-nb-jetson,62248,3162801248,100,10,2,17111435837185984,166127104,3220864576,5728,2599808,175121,2,2,2,2,2,2,2,0,0.205495,0.063293,0.061428,0.061610,0.062661,0.061981,0.065459,0.000000,1155048,241877,9546,10743,6418,203,218514,10111,47988,2833683,1597986,28888,28824,4241,806,2954684,16381,0
15,SAR_nb-jetson,17984,3658342880,2305,138,74,17111435784278720,-52907264,3722259488,1120,6311168,15119,73,73,73,73,74,73,73,0,0.205495,0.063293,0.061428,0.061610,0.062661,0.061981,0.065459,0.000000,50984965,11194506,228706,185637,137623,1890,10326439,225267,724883,198320923,52841244,628679,166306,255707,5833,60647494,393939,794913
16,SAR_nb-jetson,17984,3606383776,2305,488,74,17111435897499808,113221088,3651569952,1184,6525152,15875,73,73,74,73,73,72,71,0,0.205495,0.063293,0.061428,0.061610,0.062661,0.061981,0.065459,0.000000,49894882,10616483,237136,201073,142529,1966,9703633,219076,737035,233383228,63702117,342679,134170,391763,4822,65589140,555581,742811
19,wifi-tx-nb-jetson,62248,3439503040,100,10,2,17111436024223552,126723744,3536110144,5504,2533056,104963,2,2,2,2,2,1,2,0,0.205495,0.063293,0.061428,0.061610,0.062661,0.061981,0.065459,0.000000,1162303,259720,8548,9696,6203,144,231803,8117,35755,12744236,3979869,28678,27840,3877,1141,0,0,0
2,pulse_doppler-nb-jetson,17456,4359022208,512,13,18,17111435543374304,-480849248,4375672832,5312,28824864,132108,18,11,12,11,11,12,10,0,0.205495,0.063293,0.061428,0.061610,0.062661,0.061981,0.065459,0.000000,4294105,1270967,48751,72977,33778,2919,1295725,36376,168412,10429212,7961342,204895,70549,287334,7744,7888525,145022,134098
3,pulse_doppler-nb-jetson,17456,10784590016,512,23,18,17111435680752448,137378144,10802239136,5632,1518944,82352,14,9,14,9,18,9,11,0,0.205495,0.063293,0.061428,0.061610,0.062661,0.061981,0.065459,0.000000,4776987,1162329,49766,55346,34905,979,1153938,44451,184018,1068673,4648786,183822,90793,340741,6223,8832410,168291,35044
4,pulse_doppler-nb-jetson,17456,10689640576,512,13,19,17111435818119456,137367008,10748482208,5408,1655136,63795,14,10,10,11,18,19,8,0,0.205495,0.063293,0.061428,0.061610,0.062661,0.061981,0.065459,0.000000,5454966,1240531,45741,56190,33609,988,1087962,44464,206623,18944949,5890772,158391,53327,110970,5524,5903581,216131,374337
6,pulse_doppler-nb-jetson,17456,10464763904,512,16,18,17111436092863072,274743616,10511947136,5664,4626560,93505,10,18,17,6,7,6,13,0,0.205495,0.063293,0.061428,0.061610,0.062661,0.061981,0.065459,0.000000,5030151,1085171,45776,56832,36181,1112,1135898,44919,184068,3922817,1127774,69117,88242,343997,5034,8627818,215038,212435
5,pulse_doppler-nb-jetson,17456,10586203264,512,9,18,17111435955492352,-137370720,10678379136,5600,4563904,88728,11,6,17,18,5,18,3,0,0.205495,0.063293,0.061428,0.061610,0.062661,0.061981,0.065459,0.000000,5218644,1078736,47085,55646,38099,1093,1108688,44099,187134,17026397,4306571,45721,51357,245162,7123,7458394,208584,298879
27,track_nb-jetson,277448,11053889376,24580,873,148,17111435611142432,-344349920,11073575040,32960,19866688,73240,148,146,147,147,146,146,145,0,0.205495,0.063293,0.061428,0.061610,0.062661,0.061981,0.065459,0.000000,2285522851,463760573,6840824,5613381,1932616,23635,473528698,6381876,10591319,3477930806,539827934,35281243,3739110,6990147,26550,530722547,39341328,2979248
28,track_nb-jetson,277448,11028422304,24580,1024,154,17111435714420256,103277824,11047252672,32832,26070624,64859,151,140,140,140,154,141,138,0,0.205495,0.063293,0.061428,0.061610,0.062661,0.061981,0.065459,0.000000,2354167154,470949118,6236732,5587784,1851534,20949,458457365,6109146,10391523,3624171389,550466925,35465706,3605689,7088225,16135,506703394,35639108,3413725
30,track_nb-jetson,277448,11002206944,24580,763,147,17111435930190240,215769984,11016862368,33088,19866496,57114,147,127,127,125,137,124,122,0,0.205495,0.063293,0.061428,0.061610,0.062661,0.061981,0.065459,0.000000,2395235903,478792165,6827961,5486794,1820045,21889,459186798,6445513,10374327,3636468921,555813083,34799975,3536339,7160945,31128,514659400,39741677,3130438
29,track_nb-jetson,277448,11101300192,24580,1019,147,17111435817696128,-112494112,11160945248,33088,23032320,57483,147,147,147,147,147,145,145,0,0.205495,0.063293,0.061428,0.061610,0.062661,0.061981,0.065459,0.000000,2434262064,480386589,6504215,5541531,1828203,21261,451574350,6249353,10474738,3675341892,546870367,38501592,3687014,6706935,22922,535852839,36240139,4041854
11,temporal_mitigation-noapi-jetson,68848,8762528,0,0,0,17111448877006272,0,38458624,0,0,0,0,0,0,0,0,0,0,0,0.218945,0.066524,0.063560,0.063370,0.063176,0.065171,0.065653,0.000000,0,0,0,0,0,0,0,0,0,1725331,545206,3705,2870,977,649,0,0,0
9,radar_correlator-jetson,12912,21790208,3,1,1,17111448891362368,14356096,47915104,53568,453248,229184,1,1,0,0,0,0,0,0,0.218945,0.066524,0.063560,0.063370,0.063176,0.065171,0.065653,0.000000,198897,35514,15,42,79,65,55120,1093,3447,2617511,879628,7368,9768,12391,1017,0,0,0
15,wifi-tx-nb-jetson,62248,54254848,100,10,2,17111448902519136,11156768,73901120,6528,32032,13477,1,1,1,2,1,1,1,0,0.218945,0.066524,0.063560,0.063370,0.063176,0.065171,0.065653,0.000000,1162489,279119,7264,11893,4025,794,326560,10315,43716,6468623,4073304,33400,30443,3757,1792,1874314,0,0
25,radar_correlator-noapi-jetson,13040,4642560,0,0,0,17111448942557312,40038176,49890976,0,0,0,0,0,0,0,0,0,0,0,0.218945,0.066524,0.063560,0.063370,0.063176,0.065171,0.065653,0.000000,0,0,0,0,0,0,0,0,0,243198,965877,4360,9904,11850,558,880088,0,0
18,temporal_mitigation-jetson,68720,9985152,4,1,1,17111448932174976,-10382336,65640576,9120,35168,21128,1,0,1,0,1,1,0,0,0.218945,0.066524,0.063560,0.063370,0.063176,0.065171,0.065653,0.000000,27243,7746,230,256,158,19,5794,308,1329,1695244,539135,3720,3300,1161,435,0,0,0
12,temporal_mitigation-noapi-jetson,68848,5357856,0,0,0,17111448993541248,61366272,50352352,0,0,0,0,0,0,0,0,0,0,0,0.218945,0.066524,0.063560,0.063370,0.063176,0.065171,0.065653,0.000000,0,0,0,0,0,0,0,0,0,1630381,537262,1532,1909,739,169,27505,0,0
10,radar_correlator-jetson,12912,9249568,3,1,1,17111449030047200,36505952,18908960,26688,357088,139381,0,0,1,0,1,0,0,0,0.218945,0.066524,0.063560,0.063370,0.063176,0.065171,0.065653,0.000000,198733,39548,901,403,51,0,26704,897,2902,6399176,2089197,4325,23561,11789,352,91761,0,0
26,radar_correlator-noapi-jetson,13040,46600256,0,0,0,17111449095819712,65772512,99925440,0,0,0,0,0,0,0,0,0,0,0,0.218945,0.066524,0.063560,0.063370,0.063176,0.065171,0.065653,0.000000,0,0,0,0,0,0,0,0,0,2448857,904719,5622,9149,12093,443,111817,61,0
19,temporal_mitigation-jetson,68720,50928864,4,1,1,17111449090089824,-5729888,108520800,8736,27488,16968,0,0,1,1,1,0,0,0,0.218945,0.066524,0.063560,0.063370,0.063176,0.065171,0.065653,0.000000,13322,5817,169,109,189,21,8036,234,1090,1674124,531739,3819,2925,1125,398,0,0,0
13,temporal_mitigation-noapi-jetson,68848,3519712,0,0,0,17111449110066976,19977152,89215136,0,0,0,0,0,0,0,0,0,0,0,0.218945,0.066524,0.063560,0.063370,0.063176,0.065171,0.065653,0.000000,0,0,0,0,0,0,0,0,0,1697548,534829,2511,2156,847,253,0,0,0
27,radar_correlator-noapi-jetson,13040,26499424,0,0,0,17111449249071040,139004064,49009920,0,0,0,0,0,0,0,0,0,0,0,0.218945,0.066524,0.063560,0.063370,0.063176,0.065171,0.065653,0.000000,0,0,0,0,0,0,0,0,0,1140665,930072,6256,9792,11800,482,567836,0,0
14,temporal_mitigation-noapi-jetson,68848,5150912,0,0,0,17111449226592352,-22478688,84426944,0,0,0,0,0,0,0,0,0,0,0,0.218945,0.066524,0.063560,0.063370,0.063176,0.065171,0.065653,0.000000,0,0,0,0,0,0,0,0,0,1697779,524374,2006,2058,820,252,0,0,0
28,radar_correlator-noapi-jetson,13040,29952672,0,0,0,17111449402316576,175724224,47117408,0,0,0,0,0,0,0,0,0,0,0,0.218945,0.066524,0.063560,0.063370,0.063176,0.065171,0.065653,0.000000,0,0,0,0,0,0,0,0,0,2202,954015,5811,9607,12163,416,953447,0,0
5,SAR-noapi-jetson,21944,617366496,0,0,0,17111448882507104,-519809472,644012064,0,0,0,0,0,0,0,0,0,0,0,0.218945,0.066524,0.063560,0.063370,0.063176,0.065171,0.065653,0.000000,0,0,0,0,0,0,0,0,0,261215932,70127417,563413,171085,215466,4698,75056352,626045,375111
20,pulse_doppler-nb-jetson,17456,1109237600,512,128,19,17111448898083168,15576064,1117962336,5472,8367648,160516,18,19,19,18,18,18,18,0,0.218945,0.066524,0.063560,0.063370,0.063176,0.065171,0.065653,0.000000,6104463,1380601,51601,63480,27949,2791,1183100,48937,237748,11871142,6474066,201794,68641,188873,8379,7074236,123104,306479
6,SAR-noapi-jetson,21944,980835392,0,0,0,17111449029417536,131334368,991507616,0,0,0,0,0,0,0,0,0,0,0,0.218945,0.066524,0.063560,0.063370,0.063176,0.065171,0.065653,0.000000,0,0,0,0,0,0,0,0,0,267078759,59696440,424197,178067,169011,4317,73078978,679287,459916
16,wifi-tx-nb-jetson,62248,1317608544,100,10,2,17111449044020896,14603360,1391955040,6144,1870368,90016,2,1,2,2,2,2,2,0,0.218945,0.066524,0.063560,0.063370,0.063176,0.065171,0.065653,0.000000,1048198,264360,10231,12348,6249,226,197850,7472,32416,1960533,1006690,28355,27813,3261,1063,2927014,19542,0
17,wifi-tx-nb-jetson,62248,2620212128,100,10,2,17111449173115584,129094688,2643311264,5856,26587424,348643,2,2,2,2,2,2,1,0,0.218945,0.066524,0.063560,0.063370,0.063176,0.065171,0.065653,0.000000,919852,224809,9173,12036,6855,202,224491,8433,33575,12735541,3933431,28303,28970,3431,905,0,0,0
7,SAR_nb-jetson,17984,3564366880,2305,382,74,17111448898585984,-274529600,3587511584,1216,5497248,15627,74,73,73,73,74,73,66,0,0.218945,0.066524,0.063560,0.063370,0.063176,0.065171,0.065653,0.000000,48494958,10014812,228151,181549,147011,1416,11144422,244992,765313,228904260,67968886,457622,151110,236066,6903,45963562,584809,843791
8,SAR_nb-jetson,17984,3971381824,2305,132,73,17111449052279712,153693728,3997253280,1344,6142880,15375,73,47,46,47,47,42,42,0,0.218945,0.066524,0.063560,0.063370,0.063176,0.065171,0.065653,0.000000,54176037,11138385,227680,178211,142317,1434,10167125,230231,731496,186561108,58473509,539791,188931,251964,7329,55533497,664982,985397
0,track_nb-jetson,277448,12130031808,24580,920,152,17111448864294656,-187985056,12140142880,33120,68907360,72159,147,152,149,145,145,144,145,0,0.218945,0.066524,0.063560,0.063370,0.063176,0.065171,0.065653,0.000000,2375637405,465367808,6719716,5533913,1855614,23371,467190899,7164568,10648283,3395774061,528235403,33455386,3544327,7718235,13493,565218689,34746554,3589137
21,pulse_doppler-nb-jetson,17456,12247021984,512,9,18,17111449013745632,149450976,12295688512,5344,2288576,93603,18,12,10,9,18,15,8,0,0.218945,0.066524,0.063560,0.063370,0.063176,0.065171,0.065653,0.000000,5813807,1358770,53204,57321,34152,1495,1042323,42242,201608,17131673,6493715,201792,65202,195934,7757,4608224,78220,238854
1,track_nb-jetson,277448,12372487904,24580,1024,147,17111448994025120,-19720512,12399575008,33152,22313056,58132,147,146,139,140,140,139,138,0,0.218945,0.066524,0.063560,0.063370,0.063176,0.065171,0.065653,0.000000,2438908377,485935978,7142462,5509024,1826290,21819,450552266,5996562,10569979,3373356561,530434506,36324851,3518806,6327138,22977,545470608,38076809,3374364
22,pulse_doppler-nb-jetson,17456,12229208320,512,26,20,17111449129971072,135945952,12299411360,5280,1023136,71929,17,18,15,19,16,20,15,0,0.218945,0.066524,0.063560,0.063370,0.063176,0.065171,0.065653,0.000000,5852991,1343125,54753,52988,33634,1065,968097,44204,203829,9526073,2792698,106108,80795,336279,4694,6780486,196276,82232
24,pulse_doppler-nb-jetson,17456,11977516576,512,11,15,17111449360746048,230774976,12069674880,5280,3884640,96533,13,14,10,14,9,15,13,0,0.218945,0.066524,0.063560,0.063370,0.063176,0.065171,0.065653,0.000000,5539648,1324636,49572,53501,34022,1102,1054207,44813,206767,18948990,3526360,153094,45012,301206,6610,6731816,210442,337975
23,pulse_doppler-nb-jetson,17456,12125829952,512,11,18,17111449245083584,-115662464,12200066432,5344,8138656,104162,15,15,8,18,18,7,8,0,0.218945,0.066524,0.063560,0.063370,0.063176,0.065171,0.065653,0.000000,5950972,1155393,43464,46790,33667,1227,1175855,51216,227574,4214810,1914481,40171,86823,338098,6222,8456342,212383,320539
2,track_nb-jetson,277448,12495028960,24580,1024,147,17111449123750496,-121333088,12612645728,32928,20254816,57879,147,147,141,140,140,139,140,0,0.218945,0.066524,0.063560,0.063370,0.063176,0.065171,0.065653,0.000000,2407078235,479581937,6537300,5602990,1848724,21693,457713962,7044080,10472403,3602303379,532188897,32560608,3851588,6769164,20473,517465752,42893160,2815429
4,track_nb-jetson,277448,12402807424,24580,947,152,17111449383208544,259458048,12464940000,33056,20361600,58246,147,150,152,150,146,146,145,0,0.218945,0.066524,0.063560,0.063370,0.063176,0.065171,0.065653,0.000000,2410933289,482022751,6548649,5611622,1882593,20431,459854825,6694814,10721298,3613273646,539318451,35968670,3839799,7143018,20179,512462837,36026849,3021311
3,track_nb-jetson,277448,12571104640,24580,1024,150,17111449253478272,-129730272,12601653824,32896,20722368,58051,150,149,136,136,136,140,147,0,0.218945,0.066524,0.063560,0.063370,0.063176,0.065171,0.065653,0.000000,2429194551,477805282,6500717,5536777,1845440,20964,453783025,6500087,10398643,3625569556,538429306,36831994,3631635,6878862,17615,548340484,36530379,3554363
8,radar_correlator-jetson,12912,6462240,3,1,1,17111464158091168,0,23070400,136448,189952,160469,0,1,1,0,0,0,0,0,0.181142,0.058306,0.057958,0.060599,0.058706,0.058609,0.059840,0.000000,207014,62542,1642,2292,363,163,0,0,0,2622141,877079,7102,9974,9017,1285,0,0,0
29,temporal_mitigation-jetson,68720,2382432,4,1,1,17111464183831232,25740064,13046304,11360,15552,13528,0,0,0,1,1,1,1,0,0.181142,0.058306,0.057958,0.060599,0.058706,0.058609,0.059840,0.000000,39668,5819,309,168,177,28,2245,100,310,1698789,542261,4411,3336,1166,633,0,0,0
4,radar_correlator-noapi-jetson,13040,2679200,0,0,0,17111464180161088,-3670144,23276192,0,0,0,0,0,0,0,0,0,0,0,0.181142,0.058306,0.057958,0.060599,0.058706,0.058609,0.059840,0.000000,0,0,0,0,0,0,0,0,0,2814575,932969,3759,9713,12285,601,4084,0,0
23,temporal_mitigation-noapi-jetson,68848,2638368,0,0,0,17111464195710464,15549376,22300192,0,0,0,0,0,0,0,0,0,0,0,0.181142,0.058306,0.057958,0.060599,0.058706,0.058609,0.059840,0.000000,0,0,0,0,0,0,0,0,0,1713905,542646,3333,3063,1141,302,0,0,0
0,wifi-tx-nb-jetson,62248,36157824,100,10,2,17111464197566496,1856032,44976800,6784,943104,46354,2,2,1,1,1,1,1,0,0.181142,0.058306,0.057958,0.060599,0.058706,0.058609,0.059840,0.000000,1069299,286393,6731,10951,4218,1018,355895,8652,41652,672,3658207,29891,25710,3892,1353,3660119,208,0
30,temporal_mitigation-jetson,68720,14208320,4,1,1,17111464288750720,91184224,45739520,6336,14464,10200,0,0,1,1,1,1,0,0,0.181142,0.058306,0.057958,0.060599,0.058706,0.058609,0.059840,0.000000,39668,4850,216,154,138,11,3223,243,936,1669726,524447,2914,3047,1040,385,1676,0,0
9,radar_correlator-jetson,12912,17393088,3,1,1,17111464283198720,-5552000,55028704,25984,44384,36437,0,0,0,1,0,0,1,0,0.181142,0.058306,0.057958,0.060599,0.058706,0.058609,0.059840,0.000000,198733,39499,504,686,102,7,12817,501,2442,2605288,869553,3939,8536,12419,672,0,0,0
24,temporal_mitigation-noapi-jetson,68848,5690656,0,0,0,17111464331765824,48567104,26582848,0,0,0,0,0,0,0,0,0,0,0,0.181142,0.058306,0.057958,0.060599,0.058706,0.058609,0.059840,0.000000,0,0,0,0,0,0,0,0,0,20291,539453,2537,4593,845,264,533519,5,0
5,radar_correlator-noapi-jetson,13040,27264640,0,0,0,17111464336217312,4451488,47922816,0,0,0,0,0,0,0,0,0,0,0,0.181142,0.058306,0.057958,0.060599,0.058706,0.058609,0.059840,0.000000,0,0,0,0,0,0,0,0,0,7461315,2534886,6252,31750,12193,460,373806,2827,0
19,SAR-noapi-jetson,21944,193596640,0,0,0,17111464240374848,-95842464,231897696,0,0,0,0,0,0,0,0,0,0,0,0.181142,0.058306,0.057958,0.060599,0.058706,0.058609,0.059840,0.000000,0,0,0,0,0,0,0,0,0,292014470,69151514,591684,148822,230337,2971,71684877,570996,121068
10,radar_correlator-jetson,12912,12326720,3,1,1,17111464408306144,167931296,84520352,36512,67808,47253,0,1,1,1,0,0,0,0,0.181142,0.058306,0.057958,0.060599,0.058706,0.058609,0.059840,0.000000,65352,12870,529,1156,206,17,25611,759,1538,204443,841252,5146,9232,12264,627,842823,2430,0
31,temporal_mitigation-jetson,68720,75244768,4,1,1,17111464397992320,-10313824,156718720,7136,380000,111272,1,0,0,1,0,1,1,0,0.181142,0.058306,0.057958,0.060599,0.058706,0.058609,0.059840,0.000000,24303,8046,381,238,282,18,3208,0,413,5901,537227,3432,5017,1147,344,535263,0,0
6,radar_correlator-noapi-jetson,13040,16216096,0,0,0,17111464492345152,94352832,65328832,0,0,0,0,0,0,0,0,0,0,0,0.181142,0.058306,0.057958,0.060599,0.058706,0.058609,0.059840,0.000000,0,0,0,0,0,0,0,0,0,2791508,904962,5537,10072,11950,414,0,0,0
32,temporal_mitigation-jetson,68720,95971840,4,1,1,17111464498582784,6237632,136336704,10752,27680,19624,0,0,0,1,1,1,0,0,0.181142,0.058306,0.057958,0.060599,0.058706,0.058609,0.059840,0.000000,28655,3580,159,58,176,18,8041,371,1182,1679696,532795,3668,3236,992,470,0,0,0
11,radar_correlator-jetson,12912,101151840,3,1,1,17111464533413376,34830592,107142688,27456,297632,122250,1,0,1,1,0,0,0,0,0.181142,0.058306,0.057958,0.060599,0.058706,0.058609,0.059840,0.000000,198742,43471,278,0,38,15,43456,924,2262,2605140,872116,6865,9065,10697,710,0,0,0
12,radar_correlator-jetson,12912,2882720,3,1,1,17111464658540224,125126848,60835616,38144,61120,47882,0,1,0,1,0,0,0,0,0.181142,0.058306,0.057958,0.060599,0.058706,0.058609,0.059840,0.000000,198733,28867,714,398,194,3,27819,665,2615,2606185,869359,4443,8859,11590,582,0,0,0
7,radar_correlator-noapi-jetson,13040,29624448,0,0,0,17111464648360640,-10179584,133496736,0,0,0,0,0,0,0,0,0,0,0,0.181142,0.058306,0.057958,0.060599,0.058706,0.058609,0.059840,0.000000,0,0,0,0,0,0,0,0,0,6428842,2117433,3862,24110,11706,225,105406,0,0
15,SAR_nb-jetson,17984,903089440,2305,358,76,17111464172230944,-476129696,922325120,1344,6222112,19316,73,70,70,74,73,76,76,0,0.181142,0.058306,0.057958,0.060599,0.058706,0.058609,0.059840,0.000000,52887077,11155332,238366,191718,125106,4120,10833545,240270,782485,227508740,58514942,329769,128987,261892,4332,58462142,456897,259757
21,SAR-noapi-jetson,21944,766388928,0,0,0,17111464606385472,434154528,787463168,0,0,0,0,0,0,0,0,0,0,0,0.181142,0.058306,0.057958,0.060599,0.058706,0.058609,0.059840,0.000000,0,0,0,0,0,0,0,0,0,277693167,81178024,607582,169329,197834,2118,64332448,676677,479367
20,SAR-noapi-jetson,21944,924403968,0,0,0,17111464421784384,-184601088,983901952,0,0,0,0,0,0,0,0,0,0,0,0.181142,0.058306,0.057958,0.060599,0.058706,0.058609,0.059840,0.000000,0,0,0,0,0,0,0,0,0,263252373,72687689,457195,184952,295462,3454,59224578,609814,641105
22,SAR-noapi-jetson,21944,628360320,0,0,0,17111464784618304,362833920,651863232,0,0,0,0,0,0,0,0,0,0,0,0.181142,0.058306,0.057958,0.060599,0.058706,0.058609,0.059840,0.000000,0,0,0,0,0,0,0,0,0,263156648,72195169,559383,174459,191773,1346,66989395,665055,620748
16,SAR_nb-jetson,17984,1644172544,2305,503,73,17111464292065248,-492553056,1674819680,1440,5490624,15286,73,72,72,73,72,72,72,0,0.181142,0.058306,0.057958,0.060599,0.058706,0.058609,0.059840,0.000000,53109467,12768067,295268,208716,140778,2182,8846411,196925,696383,215382128,70649823,425164,141298,185761,6752,47320351,314234,665929
1,wifi-tx-nb-jetson,62248,1734987360,100,10,2,17111464372569792,80504544,1759087392,5696,2019200,90801,2,2,2,2,2,2,2,0,0.181142,0.058306,0.057958,0.060599,0.058706,0.058609,0.059840,0.000000,1145553,251097,8871,10094,6378,240,228448,8347,37012,2939102,3099957,29987,31329,4208,828,2858564,6831,0
18,SAR_nb-jetson,17984,2148577920,2305,492,73,17111464532150688,159580896,2156887040,1280,5440256,15298,73,69,69,68,68,68,67,0,0.181142,0.058306,0.057958,0.060599,0.058706,0.058609,0.059840,0.000000,55766036,12426723,255136,192725,135926,2163,9084010,214995,764058,215695454,59309834,589764,162938,228070,5704,61573577,603608,795735
17,SAR_nb-jetson,17984,2341098784,2305,506,74,17111464411914240,-120236448,2410056544,1184,5539200,17647,73,74,73,74,73,73,73,0,0.181142,0.058306,0.057958,0.060599,0.058706,0.058609,0.059840,0.000000,45682147,9780616,226842,186999,144972,2205,11106795,247668,723338,238380161,70106862,324895,152916,267141,3383,40789367,594722,786834
2,wifi-tx-nb-jetson,62248,2244811776,100,10,3,17111464549444192,137529952,2275038208,5664,2154688,89208,3,2,2,2,2,2,2,0,0.181142,0.058306,0.057958,0.060599,0.058706,0.058609,0.059840,0.000000,1146021,251620,7750,9786,6276,238,224444,8539,36971,14069,3709043,28440,26853,4003,618,3703792,0,0
3,wifi-tx-nb-jetson,62248,2199033824,100,7,2,17111464722563072,173118880,2260801920,5536,1337216,87794,2,2,2,2,2,2,2,0,0.181142,0.058306,0.057958,0.060599,0.058706,0.058609,0.059840,0.000000,1097385,232331,8264,11001,7170,271,211867,8745,39533,12742205,4009966,29892,27852,4879,1061,0,0,0
25,pulse_doppler-nb-jetson,17456,5734005728,512,20,18,17111464230347136,-492215936,5779454944,5504,3754144,118728,18,13,13,13,13,13,13,0,0.181142,0.058306,0.057958,0.060599,0.058706,0.058609,0.059840,0.000000,5532360,1247472,50071,57273,33962,1478,1058242,41779,212117,11406930,6237155,79020,71423,203957,8079,8532589,195871,196510
28,pulse_doppler-nb-jetson,17456,5376420320,512,17,18,17111464704722944,474375808,5392031200,5504,4757344,81653,18,12,14,13,13,12,12,0,0.181142,0.058306,0.057958,0.060599,0.058706,0.058609,0.059840,0.000000,5529490,1218148,48204,52567,33393,923,1099121,44516,206875,17028785,4869785,145397,40396,130538,3786,8490941,212500,376150
27,pulse_doppler-nb-jetson,17456,5563537760,512,13,17,17111464546835104,-157887840,5568994240,5376,4940512,101368,17,7,7,17,9,8,6,0,0.181142,0.058306,0.057958,0.060599,0.058706,0.058609,0.059840,0.000000,4949498,948681,43080,52693,37586,1138,1210301,47130,208055,24719596,7980971,193290,52510,175347,4402,3255440,58538,241434
26,pulse_doppler-nb-jetson,17456,5685119808,512,13,19,17111464388478304,-158356800,5742920640,5344,8110592,137134,19,11,11,11,10,17,10,0,0.181142,0.058306,0.057958,0.060599,0.058706,0.058609,0.059840,0.000000,5430270,1212826,50854,56569,35588,1152,1035240,44887,199494,15567046,3867252,60848,54290,238248,5328,8003217,215183,354490
13,track_nb-jetson,277448,6326890688,24580,916,148,17111464190754144,-197724160,6362847008,32864,19753632,68420,148,130,131,138,131,131,129,0,0.181142,0.058306,0.057958,0.060599,0.058706,0.058609,0.059840,0.000000,2404382860,478735717,6871354,5632076,1847196,28702,444346921,5713997,10456562,3585373057,539973874,38098296,3748612,6540251,24975,538017212,34221658,2944201
14,track_nb-jetson,277448,6320263968,24580,986,148,17111464336812256,146058112,6342692640,32960,21661312,56373,148,133,133,135,134,133,132,0,0.181142,0.058306,0.057958,0.060599,0.058706,0.058609,0.059840,0.000000,2393583154,477381162,6287052,5571979,1806766,25313,456516050,5958956,10189670,3550229599,537410589,35280823,3828725,7561065,20024,547391402,32974251,3166847
0,radar_correlator-noapi-jetson,13040,2750560,0,0,0,17111472343362592,0,19349376,0,0,0,0,0,0,0,0,0,0,0,0.183589,0.058059,0.054845,0.056181,0.054335,0.056266,0.058074,0.000000,0,0,0,0,0,0,0,0,0,2269667,939017,5988,10384,10812,956,221755,0,0
10,temporal_mitigation-noapi-jetson,68848,792704,0,0,0,17111472376540256,33177664,17279616,0,0,0,0,0,0,0,0,0,0,0,0.183589,0.058059,0.054845,0.056181,0.054335,0.056266,0.058074,0.000000,0,0,0,0,0,0,0,0,0,1725499,543176,2255,2371,910,412,0,0,0
17,radar_correlator-jetson,12912,7002432,3,1,1,17111472382295776,5755520,24750912,88992,144896,117077,1,1,1,0,0,0,0,0,0.183589,0.058059,0.054845,0.056181,0.054335,0.056266,0.058074,0.000000,136027,41116,1170,2079,271,133,19821,464,547,2507663,880817,5273,9954,11100,808,63920,0,0
8,wifi-tx-nb-jetson,62248,26485792,100,10,1,17111472392893280,10597504,60429696,6944,556480,33182,1,1,1,1,1,1,1,0,0.183589,0.058059,0.054845,0.056181,0.054335,0.056266,0.058074,0.000000,1037894,207851,8590,14643,4950,1071,353699,9557,36164,723026,1074061,29278,26265,3396,1029,3469142,20286,0
5,temporal_mitigation-jetson,68720,3635904,4,1,1,17111472424102432,31209152,46567168,8192,22080,13448,0,0,1,0,1,1,0,0,0.183589,0.058059,0.054845,0.056181,0.054335,0.056266,0.058074,0.000000,16165,7756,384,233,221,26,4821,179,362,1697768,538935,4078,3488,1179,624,0,0,0
1,radar_correlator-noapi-jetson,13040,17799904,0,0,0,17111472465318752,41216320,36530752,0,0,0,0,0,0,0,0,0,0,0,0.183589,0.058059,0.054845,0.056181,0.054335,0.056266,0.058074,0.000000,0,0,0,0,0,0,0,0,0,2791507,908036,4087,8793,11668,442,0,0,0
18,radar_correlator-jetson,12912,17382400,3,1,1,17111472484736576,19417824,26990944,70048,105248,92554,0,0,1,1,0,0,0,0,0.183589,0.058059,0.054845,0.056181,0.054335,0.056266,0.058074,0.000000,65384,18957,10,1112,237,64,58108,1042,3115,2605060,869413,4970,7651,12038,612,0,0,0
11,temporal_mitigation-noapi-jetson,68848,1188864,0,0,0,17111472499853088,15116512,43175424,0,0,0,0,0,0,0,0,0,0,0,0.183589,0.058059,0.054845,0.056181,0.054335,0.056266,0.058074,0.000000,0,0,0,0,0,0,0,0,0,3862,539584,2152,4534,681,435,538752,0,0
9,wifi-tx-nb-jetson,62248,74210304,100,10,2,17111472546629600,46776512,121274144,6432,208288,11730,2,1,1,2,1,1,1,0,0.183589,0.058059,0.054845,0.056181,0.054335,0.056266,0.058074,0.000000,1162451,292701,9357,12972,5851,424,245211,7366,33378,12733170,3826561,29685,26928,2944,1016,0,0,0
19,radar_correlator-jetson,12912,41952576,3,1,1,17111472587522240,40892640,108111584,29024,108832,68234,0,0,1,0,0,0,1,0,0.183589,0.058059,0.054845,0.056181,0.054335,0.056266,0.058074,0.000000,134053,45606,911,1039,236,14,32771,279,2058,2605063,869714,4937,8213,11630,524,0,0,0
2,radar_correlator-noapi-jetson,13040,112334048,0,0,0,17111472587522240,0,191775840,0,0,0,0,0,0,0,0,0,0,0,0.183589,0.058059,0.054845,0.056181,0.054335,0.056266,0.058074,0.000000,0,0,0,0,0,0,0,0,0,2248084,928363,6051,9578,12193,478,223483,0,0
12,temporal_mitigation-noapi-jetson,68848,83886272,0,0,0,17111472625965504,38443264,153411520,0,0,0,0,0,0,0,0,0,0,0,0.183589,0.058059,0.054845,0.056181,0.054335,0.056266,0.058074,0.000000,0,0,0,0,0,0,0,0,0,1008679,529657,2560,3068,923,238,225695,0,0
6,temporal_mitigation-jetson,68720,95433440,4,1,1,17111472618930752,-7034752,171618528,11744,1271616,333040,1,0,0,1,1,0,0,0,0.183589,0.058059,0.054845,0.056181,0.054335,0.056266,0.058074,0.000000,13300,5829,414,232,244,5,5489,244,1005,1616691,524474,3626,3118,1137,320,23948,0,0
7,temporal_mitigation-jetson,68720,3689984,4,1,1,17111472813758880,194828128,19826784,14624,31904,22544,0,0,1,1,1,1,0,0,0.183589,0.058059,0.054845,0.056181,0.054335,0.056266,0.058074,0.000000,16229,5523,278,208,291,8,4836,135,344,638,531949,3346,4609,1133,258,531799,0,0
23,SAR-noapi-jetson,21944,529750144,0,0,0,17111472459356480,-354402400,552755392,0,0,0,0,0,0,0,0,0,0,0,0.183589,0.058059,0.054845,0.056181,0.054335,0.056266,0.058074,0.000000,0,0,0,0,0,0,0,0,0,277817225,67519356,613875,162467,233667,3502,70167929,553884,177300
24,SAR-noapi-jetson,21944,389660704,0,0,0,17111472614247200,154890720,468000160,0,0,0,0,0,0,0,0,0,0,0,0.183589,0.058059,0.054845,0.056181,0.054335,0.056266,0.058074,0.000000,0,0,0,0,0,0,0,0,0,260890927,70833148,547126,164860,102805,3205,68012930,680823,197494
25,SAR-noapi-jetson,21944,282155136,0,0,0,17111472778250112,164002912,357899744,0,0,0,0,0,0,0,0,0,0,0,0.183589,0.058059,0.054845,0.056181,0.054335,0.056266,0.058074,0.000000,0,0,0,0,0,0,0,0,0,267432529,63210002,610813,148705,108020,1400,76589709,497010,56437
13,SAR_nb-jetson,17984,1625991904,2305,199,74,17111472392035264,-386214848,1653570720,1216,5266400,17125,73,50,74,52,51,49,47,0,0.183589,0.058059,0.054845,0.056181,0.054335,0.056266,0.058074,0.000000,51582070,9830451,211264,186159,136892,3546,10847337,254817,753956,242061494,59301134,489028,119420,267723,4990,62495247,419573,328329
14,SAR_nb-jetson,17984,2420147040,2305,277,74,17111472521483200,129447936,2492744576,1184,6644672,16198,73,73,73,74,73,73,73,0,0.183589,0.058059,0.054845,0.056181,0.054335,0.056266,0.058074,0.000000,54059696,11091360,232933,174288,138121,2082,10250262,246573,804268,183633471,62442185,507058,152499,338319,7898,61602577,609596,787077
16,SAR_nb-jetson,17984,2238115552,2305,334,73,17111472780444256,258961056,2282635744,1312,6800160,16524,73,61,61,62,62,60,59,0,0.183589,0.058059,0.054845,0.056181,0.054335,0.056266,0.058074,0.000000,49200799,10770067,227560,194328,147606,2314,10201876,207469,663067,236283860,65200047,561933,153154,407084,7732,51345480,444837,478720
15,SAR_nb-jetson,17984,2373944896,2305,484,74,17111472650922016,-129522240,2461678752,1376,5240832,15487,74,73,73,73,73,73,73,0,0.183589,0.058059,0.054845,0.056181,0.054335,0.056266,0.058074,0.000000,49935299,10942005,250088,197383,144265,1965,10006463,228550,698509,231729922,70715305,514481,146721,230208,5407,50308010,596203,764246
20,pulse_doppler-nb-jetson,17456,2701992128,512,101,20,17111472396699680,-254222336,2737685056,5312,6959232,120761,19,17,17,20,20,17,18,0,0.183589,0.058059,0.054845,0.056181,0.054335,0.056266,0.058074,0.000000,5984039,1323864,46238,56033,32060,2434,1182795,42112,211952,17779074,6177313,189433,61113,156459,7734,5307792,103934,305801
21,pulse_doppler-nb-jetson,17456,5773755488,512,14,19,17111472498975008,102275328,5845245760,5056,6333728,104013,18,13,19,12,12,12,12,0,0.183589,0.058059,0.054845,0.056181,0.054335,0.056266,0.058074,0.000000,5909967,1248348,50385,53512,32915,1486,1156340,48223,215071,9844183,7689337,220947,77821,210162,5256,6020776,58829,179930
22,pulse_doppler-nb-jetson,17456,5757925504,512,21,18,17111472601250368,102275360,5841045760,5408,8403872,84751,17,10,18,10,11,11,10,0,0.183589,0.058059,0.054845,0.056181,0.054335,0.056266,0.058074,0.000000,6047050,1139862,45830,45964,31719,1161,1215267,55761,239850,15112253,4914220,188795,61009,142436,2992,6057341,181979,294067
3,track_nb-jetson,277448,6356962144,24580,311,148,17111472387010784,-214239584,6377355648,32928,19955616,66672,148,110,116,114,116,109,107,0,0.183589,0.058059,0.054845,0.056181,0.054335,0.056266,0.058074,0.000000,2396475597,474049400,6630064,5593318,1856431,29513,454365748,6191653,10447902,3759757268,562695250,37089604,3798107,7232536,18050,516691553,34868209,3283085
4,track_nb-jetson,277448,6356781632,24580,181,147,17111472552414144,165403360,6405887968,32992,20660544,60429,147,131,100,99,96,93,91,0,0.183589,0.058059,0.054845,0.056181,0.054335,0.056266,0.058074,0.000000,2437584188,479336122,6877989,5607565,1861078,28447,443431700,6161100,10399632,3588745990,535388064,36703533,3738255,6436787,17341,540313383,37671897,3319356
0,temporal_mitigation-jetson,68720,4393600,4,1,1,17111480613160960,0,28870208,9984,37088,21296,1,0,1,1,0,0,0,0,0.188826,0.053304,0.051401,0.051745,0.050385,0.051065,0.053083,0.000000,28623,8038,408,262,180,35,2240,0,0,504,543628,4864,5350,1347,991,543518,0,0
8,temporal_mitigation-noapi-jetson,68848,867488,0,0,0,17111480621982528,8821568,37212224,0,0,0,0,0,0,0,0,0,0,0,0.188826,0.053304,0.051401,0.051745,0.050385,0.051065,0.053083,0.000000,0,0,0,0,0,0,0,0,0,1713915,540307,2401,2222,1048,436,0,0,0
22,radar_correlator-jetson,12912,12445184,3,1,1,17111480657472448,35489920,53945216,68960,76608,72608,0,0,1,0,0,0,1,0,0.188826,0.053304,0.051401,0.051745,0.050385,0.051065,0.053083,0.000000,134054,37842,653,588,208,36,57171,618,2135,2616819,876329,6161,9598,12327,955,0,0,0
18,radar_correlator-noapi-jetson,13040,14898848,0,0,0,17111480671157696,13685248,52931520,0,0,0,0,0,0,0,0,0,0,0,0.188826,0.053304,0.051401,0.051745,0.050385,0.051065,0.053083,0.000000,0,0,0,0,0,0,0,0,0,2801669,931639,6882,11083,10642,862,0,0,0
13,wifi-tx-nb-jetson,62248,61028288,100,9,2,17111480664283968,-6873728,102640064,6400,748384,20457,2,1,1,1,1,1,1,0,0.188826,0.053304,0.051401,0.051745,0.050385,0.051065,0.053083,0.000000,1047918,321477,9348,13726,5667,553,275630,6558,31976,5078528,4130381,32920,29790,4160,1429,2378521,0,0
9,temporal_mitigation-noapi-jetson,68848,906528,0,0,0,17111480783389152,119105184,77016800,0,0,0,0,0,0,0,0,0,0,0,0.188826,0.053304,0.051401,0.051745,0.050385,0.051065,0.053083,0.000000,0,0,0,0,0,0,0,0,0,1697917,527756,1405,1730,901,230,0,0,0
1,temporal_mitigation-jetson,68720,11047584,4,1,1,17111480780382208,-3006944,81552704,9376,25184,17344,0,0,0,0,1,1,0,0,0.188826,0.053304,0.051401,0.051745,0.050385,0.051065,0.053083,0.000000,28623,8060,386,161,115,12,5791,282,1208,1678182,525029,2465,2925,981,273,0,0,0
23,radar_correlator-jetson,12912,38060256,3,1,1,17111480802172768,21790560,108137696,27776,638080,308874,0,1,1,0,1,0,0,0,0.188826,0.053304,0.051401,0.051745,0.050385,0.051065,0.053083,0.000000,129937,26206,622,756,349,18,26155,343,1914,364088,903471,6227,9538,11942,590,779196,0,0
19,radar_correlator-noapi-jetson,13040,47580832,0,0,0,17111480844155936,41983168,106407136,0,0,0,0,0,0,0,0,0,0,0,0.188826,0.053304,0.051401,0.051745,0.050385,0.051065,0.053083,0.000000,0,0,0,0,0,0,0,0,0,2791584,918033,5520,9856,10976,549,0,0,0
6,pulse_doppler-nb-jetson,17456,301197184,512,16,18,17111480619144448,-225011488,332195680,5344,15325632,159351,18,14,15,14,14,13,13,0,0.188826,0.053304,0.051401,0.051745,0.050385,0.051065,0.053083,0.000000,5465258,1216401,45916,64035,29623,2943,1388836,46311,208111,14711491,6082208,158222,53986,153766,6643,7454638,152370,350973
14,wifi-tx-nb-jetson,62248,83759328,100,10,2,17111480840075424,220930976,144604448,6688,21408,9893,2,1,1,1,1,1,1,0,0.188826,0.053304,0.051401,0.051745,0.050385,0.051065,0.053083,0.000000,1081163,257755,10346,12528,5331,305,254832,9562,41753,3968916,1538026,28800,26928,3647,827,2384118,15743,0
20,radar_correlator-noapi-jetson,13040,46912864,0,0,0,17111481017168704,177093280,131786912,0,0,0,0,0,0,0,0,0,0,0,0.188826,0.053304,0.051401,0.051745,0.050385,0.051065,0.053083,0.000000,0,0,0,0,0,0,0,0,0,1201569,914084,5571,9909,12033,538,544874,517,0
21,radar_correlator-noapi-jetson,13040,23051392,0,0,0,17111481190174176,173005472,82515456,0,0,0,0,0,0,0,0,0,0,0,0.188826,0.053304,0.051401,0.051745,0.050385,0.051065,0.053083,0.000000,0,0,0,0,0,0,0,0,0,628775,935192,5653,9982,12002,443,729658,0,0
24,SAR-noapi-jetson,21944,799171232,0,0,0,17111480628874560,-561299616,839781280,0,0,0,0,0,0,0,0,0,0,0,0.188826,0.053304,0.051401,0.051745,0.050385,0.051065,0.053083,0.000000,0,0,0,0,0,0,0,0,0,284957942,64465016,625978,160177,333083,1488,68041014,373549,139267
25,SAR-noapi-jetson,21944,778595200,0,0,0,17111480735428416,106553856,858218240,0,0,0,0,0,0,0,0,0,0,0,0.188826,0.053304,0.051401,0.051745,0.050385,0.051065,0.053083,0.000000,0,0,0,0,0,0,0,0,0,278485202,66538946,581868,167219,226152,2391,70544211,514075,164913
26,SAR-noapi-jetson,21944,1183092448,0,0,0,17111480841980384,106551968,1243264064,0,0,0,0,0,0,0,0,0,0,0,0.188826,0.053304,0.051401,0.051745,0.050385,0.051065,0.053083,0.000000,0,0,0,0,0,0,0,0,0,268921642,67680532,563466,182114,185326,2005,73135288,688946,689634
2,SAR_nb-jetson,17984,1454768672,2305,141,73,17111480620821472,-221158912,1485107424,1280,5588864,18030,73,38,39,38,37,32,28,0,0.188826,0.053304,0.051401,0.051745,0.050385,0.051065,0.053083,0.000000,54984552,11349978,252304,215674,140215,3288,8676961,212652,734048,215940069,59417502,300349,147040,269524,7523,64739575,386256,225640
15,wifi-tx-nb-jetson,62248,1051850976,100,10,2,17111481015841344,395019872,1112434144,6048,8424544,266842,2,2,2,2,2,2,1,0,0.188826,0.053304,0.051401,0.051745,0.050385,0.051065,0.053083,0.000000,1064041,254063,9068,11387,6039,361,251800,9622,35712,12743993,3789240,27974,27584,3210,1161,0,0,0
16,wifi-tx-nb-jetson,62248,1806625152,100,10,3,17111481191628896,175787552,1865037536,5792,4637088,152540,2,2,2,1,2,2,3,0,0.188826,0.053304,0.051401,0.051745,0.050385,0.051065,0.053083,0.000000,975541,200624,8223,10560,6496,252,267329,9825,40779,1644950,949110,22753,25715,3513,676,3192441,18994,12215
3,SAR_nb-jetson,17984,2600555424,2305,380,74,17111480795574080,-396054816,2669048896,1344,6538976,16608,73,74,73,74,74,73,72,0,0.188826,0.053304,0.051401,0.051745,0.050385,0.051065,0.053083,0.000000,47757921,9530529,195667,190941,140035,2328,11101173,237339,758959,223313668,61009615,435833,145492,392408,4307,58926953,470626,518615
17,wifi-tx-nb-jetson,62248,2600844992,100,10,2,17111481367406304,571832224,2694352384,5760,2623040,124393,2,2,2,2,2,2,2,0,0.188826,0.053304,0.051401,0.051745,0.050385,0.051065,0.053083,0.000000,1162169,239270,8869,9066,6599,185,236403,8462,40029,182399,411779,12054,24888,4649,711,3446706,22931,31312
4,SAR_nb-jetson,17984,3178328160,2305,79,73,17111480970310592,-397095712,3226917824,1312,5335488,15081,73,46,47,48,46,42,39,0,0.188826,0.053304,0.051401,0.051745,0.050385,0.051065,0.053083,0.000000,54124584,12280813,257105,175371,133807,1842,9490925,192467,763670,201329672,61964410,631646,182240,243542,3147,58654498,293367,925840
5,SAR_nb-jetson,17984,2988000256,2305,333,73,17111481149346432,179035840,3093697280,1376,6072768,18164,73,63,63,62,64,62,61,0,0.188826,0.053304,0.051401,0.051745,0.050385,0.051065,0.053083,0.000000,57284293,10888067,201502,150486,132446,1968,11187497,254532,844601,221959486,62978974,646386,150355,253250,4532,57776936,284854,776248
7,pulse_doppler-nb-jetson,17456,7542794272,512,17,19,17111480785417728,-363928704,7617999040,5312,8094592,173500,19,10,11,11,11,11,10,0,0.188826,0.053304,0.051401,0.051745,0.050385,0.051065,0.053083,0.000000,4967254,1198844,51799,61343,35563,1259,1038547,42859,200389,7448867,4517377,115333,79592,344471,6004,8074633,177211,215029
10,track_nb-jetson,277448,9009945184,24580,867,148,17111480601268576,-184149152,9026544992,32864,19699296,57193,148,132,133,132,132,131,129,0,0.188826,0.053304,0.051401,0.051745,0.050385,0.051065,0.053083,0.000000,2409709893,484608189,7024016,5417119,1828593,24785,462561642,6686714,10306835,3563812823,529615920,34679151,3869709,7650905,26208,527650619,36402806,2739951
11,track_nb-jetson,277448,8929609824,24580,254,147,17111480727717952,126449376,9023928448,32992,20601664,57487,147,110,104,143,103,123,97,0,0.188826,0.053304,0.051401,0.051745,0.050385,0.051065,0.053083,0.000000,2376549249,483546033,7202777,5559248,1864045,24757,448756549,5427545,10285345,3450035129,515400773,35545305,3789773,7094738,27736,526575017,36963391,3443154
12,track_nb-jetson,277448,8884301664,24580,369,153,17111480854165312,126447360,8941118080,32928,19554112,56243,147,104,107,153,105,130,98,0,0.188826,0.053304,0.051401,0.051745,0.050385,0.051065,0.053083,0.000000,2406414129,485136270,6586081,5511145,1816734,24429,456063802,6041488,10421454,3702109595,536894215,36727532,3793984,7622235,22622,534111072,36095301,3439555
14,temporal_mitigation-noapi-jetson,68848,4782304,0,0,0,17111491898244416,0,16197568,0,0,0,0,0,0,0,0,0,0,0,0.192726,0.064742,0.059908,0.066577,0.062095,0.060431,0.063509,0.000000,0,0,0,0,0,0,0,0,0,1668407,550857,4632,4127,978,755,22157,0,0
5,radar_correlator-noapi-jetson,13040,23281696,0,0,0,17111491894808800,-3435616,37396512,0,0,0,0,0,0,0,0,0,0,0,0.192726,0.064742,0.059908,0.066577,0.062095,0.060431,0.063509,0.000000,0,0,0,0,0,0,0,0,0,672,969617,8186,12071,6435,936,969469,0,0
19,wifi-tx-nb-jetson,62248,28832160,100,9,2,17111491873030976,-21777824,62209408,8544,3082016,191646,2,1,1,1,1,2,2,0,0.192726,0.064742,0.059908,0.066577,0.062095,0.060431,0.063509,0.000000,699065,194029,9604,20526,6155,1518,344066,8127,32165,12782454,3925448,30860,32370,3574,2138,0,0,0
34,radar_correlator-jetson,12912,11192384,3,1,1,17111491934742016,61711040,56784608,67296,2564832,960138,0,1,0,0,1,0,0,0,0.192726,0.064742,0.059908,0.066577,0.062095,0.060431,0.063509,0.000000,576,54309,836,1510,312,54,54294,0,0,2618765,879175,5715,9181,12036,987,0,0,0
0,SAR-noapi-jetson,21944,167852608,0,0,0,17111491818047264,-116694752,184424480,0,0,0,0,0,0,0,0,0,0,0,0.192726,0.064742,0.059908,0.066577,0.062095,0.060431,0.063509,0.000000,0,0,0,0,0,0,0,0,0,270867687,71574876,508020,153356,226113,3752,77078679,531954,125850
29,temporal_mitigation-jetson,68720,10580288,4,1,1,17111491956639904,138592640,56626944,10144,19200,13376,1,1,0,0,0,1,1,0,0.192726,0.064742,0.059908,0.066577,0.062095,0.060431,0.063509,0.000000,39668,7757,131,43,100,21,8039,393,1648,1687394,538894,4697,3475,1400,442,1487,0,0
20,wifi-tx-nb-jetson,62248,57647648,100,10,2,17111491996817312,40177408,89183072,6048,155712,10223,2,1,1,1,1,2,2,0,0.192726,0.064742,0.059908,0.066577,0.062095,0.060431,0.063509,0.000000,1276613,271367,8247,9839,5233,275,205236,8631,42378,101525,3460327,30360,26292,3812,809,3431692,0,0
15,temporal_mitigation-noapi-jetson,68848,9663040,0,0,0,17111492067349248,70531936,81218528,0,0,0,0,0,0,0,0,0,0,0,0.192726,0.064742,0.059908,0.066577,0.062095,0.060431,0.063509,0.000000,0,0,0,0,0,0,0,0,0,1697921,527779,2540,2238,919,212,0,0,0
6,radar_correlator-noapi-jetson,13040,16096576,0,0,0,17111492078775552,11426304,76545056,0,0,0,0,0,0,0,0,0,0,0,0.192726,0.064742,0.059908,0.066577,0.062095,0.060431,0.063509,0.000000,0,0,0,0,0,0,0,0,0,2421637,923780,4009,9693,12149,585,139059,0,0
35,radar_correlator-jetson,12912,26704960,3,1,1,17111492091267392,12491840,65768416,30656,262496,176416,0,0,0,1,1,1,0,0,0.192726,0.064742,0.059908,0.066577,0.062095,0.060431,0.063509,0.000000,134085,13895,651,897,325,36,31728,632,857,227913,913513,5409,9547,12388,622,832502,0,0
24,pulse_doppler-nb-jetson,17456,348087040,512,14,18,17111491904485600,-186781792,353458272,5472,23563360,93261,18,7,7,8,6,5,4,0,0.192726,0.064742,0.059908,0.066577,0.062095,0.060431,0.063509,0.000000,5734091,1229261,47636,62880,30478,2043,1021970,45265,213102,12651757,7493835,207924,75954,156073,7779,6312503,145980,291884
21,wifi-tx-nb-jetson,62248,126627104,100,10,2,17111492120630688,216145088,145654720,6432,15350400,254170,2,1,1,1,1,1,1,0,0.192726,0.064742,0.059908,0.066577,0.062095,0.060431,0.063509,0.000000,1016369,234121,9533,14035,6990,355,209483,7161,32489,9438975,3920436,29609,26396,3734,1194,1075380,0,0
7,radar_correlator-noapi-jetson,13040,31932896,0,0,0,17111492262858432,142227744,42895552,0,0,0,0,0,0,0,0,0,0,0,0.192726,0.064742,0.059908,0.066577,0.062095,0.060431,0.063509,0.000000,0,0,0,0,0,0,0,0,0,2796852,916436,2927,8655,11658,533,0,0,0
30,temporal_mitigation-jetson,68720,19153888,4,1,1,17111492143754816,-119103616,163463392,7904,33216,20640,0,0,0,0,1,0,1,0,0.192726,0.064742,0.059908,0.066577,0.062095,0.060431,0.063509,0.000000,27274,5514,364,229,279,10,2571,140,675,1676275,532846,3299,3178,1136,324,0,0,0
31,temporal_mitigation-jetson,68720,29464704,4,1,1,17111492331464000,187709184,45465120,6016,21376,13416,0,1,0,0,1,1,0,0,0.192726,0.064742,0.059908,0.066577,0.062095,0.060431,0.063509,0.000000,39668,8056,279,198,257,13,0,82,346,1674934,524548,3573,3419,1113,348,4,0,0
36,radar_correlator-jetson,12912,57189376,3,1,1,17111492247797792,-83666208,156671296,29920,34976,32693,0,0,0,1,1,0,1,0,0.192726,0.064742,0.059908,0.066577,0.062095,0.060431,0.063509,0.000000,134084,14985,530,664,230,15,26288,842,1607,2605089,865018,5121,8626,12500,442,0,0,0
8,radar_correlator-noapi-jetson,13040,3932704,0,0,0,17111492446949184,199151392,21383520,0,0,0,0,0,0,0,0,0,0,0,0.192726,0.064742,0.059908,0.066577,0.062095,0.060431,0.063509,0.000000,0,0,0,0,0,0,0,0,0,233159,939912,4196,9475,10782,411,858525,0,0
32,temporal_mitigation-jetson,68720,33683872,4,1,1,17111492545873024,98923840,109735840,8512,30976,23896,0,1,0,0,1,0,0,0,0.192726,0.064742,0.059908,0.066577,0.062095,0.060431,0.063509,0.000000,38255,7749,361,163,233,23,3542,160,397,3999,534025,3482,5130,1101,269,532859,0,0
1,SAR-noapi-jetson,21944,704045632,0,0,0,17111491932368256,-613504768,751212544,0,0,0,0,0,0,0,0,0,0,0,0.192726,0.064742,0.059908,0.066577,0.062095,0.060431,0.063509,0.000000,0,0,0,0,0,0,0,0,0,266744065,78820421,621081,193332,201666,4053,57855532,420097,463726
9,radar_correlator-noapi-jetson,13040,53842240,0,0,0,17111492631043168,698674912,100026624,0,0,0,0,0,0,0,0,0,0,0,0.192726,0.064742,0.059908,0.066577,0.062095,0.060431,0.063509,0.000000,0,0,0,0,0,0,0,0,0,5538673,2600866,6655,30885,12515,338,987689,2798,0
4,SAR-noapi-jetson,21944,583604640,0,0,0,17111492274810464,-356232704,655856512,0,0,0,0,0,0,0,0,0,0,0,0.192726,0.064742,0.059908,0.066577,0.062095,0.060431,0.063509,0.000000,0,0,0,0,0,0,0,0,0,246497862,68653145,591708,176114,215809,1217,68929966,358447,116283
33,temporal_mitigation-jetson,68720,200629664,4,1,1,17111492705337376,430526912,304075904,23840,317088,103104,1,0,0,0,1,1,1,0,0.192726,0.064742,0.059908,0.066577,0.062095,0.060431,0.063509,0.000000,27242,3273,151,137,245,36,8049,357,842,3555,532742,3304,5109,1007,283,531781,0,0
2,SAR-noapi-jetson,21944,1180170272,0,0,0,17111492046438880,-658898496,1271240896,0,0,0,0,0,0,0,0,0,0,0,0.192726,0.064742,0.059908,0.066577,0.062095,0.060431,0.063509,0.000000,0,0,0,0,0,0,0,0,0,295671653,84560333,640164,160192,209574,3611,59474909,450368,649675
3,SAR-noapi-jetson,21944,1039112160,0,0,0,17111492160618752,114179872,1162473536,0,0,0,0,0,0,0,0,0,0,0,0.192726,0.064742,0.059908,0.066577,0.062095,0.060431,0.063509,0.000000,0,0,0,0,0,0,0,0,0,284918321,70171346,606078,144162,195305,2585,60465036,556075,598234
16,SAR_nb-jetson,17984,2719121568,2305,364,74,17111491870217152,-290401600,2751100864,1280,5554624,18392,74,73,74,73,73,73,73,0,0.192726,0.064742,0.059908,0.066577,0.062095,0.060431,0.063509,0.000000,51856309,10758834,233192,169198,143385,2131,10707756,239389,777481,206110762,48863789,265838,135732,252668,7222,70429942,486164,557873
18,SAR_nb-jetson,17984,2366786336,2305,150,74,17111492129720256,259503104,2524363584,1216,6649344,16341,74,66,73,70,73,64,44,0,0.192726,0.064742,0.059908,0.066577,0.062095,0.060431,0.063509,0.000000,53824540,11352917,244721,189140,139824,2290,9561537,217979,754533,219684950,59426272,536361,109412,220351,4292,68890089,336625,325941
17,SAR_nb-jetson,17984,3380828000,2305,486,73,17111491999967136,-129753120,3411398752,1344,5300192,18029,73,67,67,67,67,66,65,0,0.192726,0.064742,0.059908,0.066577,0.062095,0.060431,0.063509,0.000000,47250743,9953288,231802,208143,151327,2535,10552914,214006,692748,237194487,66355985,460135,150716,238432,8887,56538560,575822,626450
22,wifi-tx-nb-jetson,62248,3415642912,100,10,3,17111492244692768,244725632,3520657440,5760,1500064,84910,2,3,3,2,2,2,2,0,0.192726,0.064742,0.059908,0.066577,0.062095,0.060431,0.063509,0.000000,1064721,245283,7238,9179,5785,158,244249,8644,41842,12152092,3523888,28280,24470,4681,817,185868,0,0
23,wifi-tx-nb-jetson,62248,3512010688,100,10,2,17111492368252128,123559360,3611792128,5920,2112448,106176,2,2,2,2,2,2,2,0,0.192726,0.064742,0.059908,0.066577,0.062095,0.060431,0.063509,0.000000,1097182,263864,9925,11295,6120,198,227349,9218,44802,12743198,3523860,27252,26179,3784,847,0,0,0
10,track_nb-jetson,277448,10305022848,24580,1024,148,17111491855780128,-512472000,10316530560,32832,21888384,70839,148,142,142,147,140,146,140,0,0.192726,0.064742,0.059908,0.066577,0.062095,0.060431,0.063509,0.000000,2394493154,478155909,5995002,5406823,1823347,27269,464555028,6149630,10455512,3463929846,550222866,35167727,3695565,7598253,18628,507600579,31542224,3586165
25,pulse_doppler-nb-jetson,17456,10083871648,512,13,19,17111492049748512,193968384,10160094624,5344,36491520,164161,8,6,7,18,19,5,5,0,0.192726,0.064742,0.059908,0.066577,0.062095,0.060431,0.063509,0.000000,5759696,1186476,46147,49210,34445,1346,1106526,45349,217023,15019216,5845898,202979,84092,254946,5484,4232937,68509,258405
27,pulse_doppler-nb-jetson,17456,9919356960,512,11,18,17111492340415648,290667136,9925877184,5312,1525312,96308,12,10,8,9,11,18,6,0,0.192726,0.064742,0.059908,0.066577,0.062095,0.060431,0.063509,0.000000,5303717,1154971,45954,52397,33462,1327,1148955,45973,218843,19526153,6256657,181112,54143,95355,6026,5949370,99282,369608
28,pulse_doppler-nb-jetson,17456,9759789728,512,9,19,17111492485567680,145152032,9797419936,5408,3570592,76920,19,11,9,9,8,18,18,0,0.192726,0.064742,0.059908,0.066577,0.062095,0.060431,0.063509,0.000000,5584411,1220753,46014,49072,31456,1190,1160742,49350,222631,7754195,5564825,189350,75311,240253,5716,7247125,72012,229991
26,pulse_doppler-nb-jetson,17456,10018620384,512,7,19,17111492195017760,-290549920,10108220224,5152,1157216,81349,10,10,12,10,10,19,17,0,0.192726,0.064742,0.059908,0.066577,0.062095,0.060431,0.063509,0.000000,5518067,1247060,52579,56252,35421,1209,917271,44452,213921,16308955,6197947,169863,54913,97480,5399,7177827,210013,337862
11,track_nb-jetson,277448,10572033824,24580,287,155,17111491993248096,-201769664,10601814016,32640,18557568,55252,155,100,105,104,100,98,96,0,0.192726,0.064742,0.059908,0.066577,0.062095,0.060431,0.063509,0.000000,2403548745,466583415,5931049,5480882,1809609,26542,445734780,6042277,10017646,3352473306,500716020,35789802,3627989,4523971,31227,531115024,35739230,3466292
12,track_nb-jetson,277448,10446698688,24580,947,150,17111492140033792,146785696,10594402240,32864,20736608,56446,150,133,131,135,130,138,129,0,0.192726,0.064742,0.059908,0.066577,0.062095,0.060431,0.063509,0.000000,2413964628,474934948,6272711,5495458,1863129,25149,448647765,6202862,10263403,3462340895,538704793,38068787,3546305,6633578,24469,535545393,34234977,3635754
13,track_nb-jetson,277448,10430058240,24580,1024,153,17111492268577440,128543648,10508570432,32768,18862624,52791,153,142,141,141,142,141,141,0,0.192726,0.064742,0.059908,0.066577,0.062095,0.060431,0.063509,0.000000,2411108273,472542999,5974836,5463127,1824704,26470,458465913,6698358,10508277,3564117393,538306063,36946141,3613326,6880687,40431,538801074,37232472,2972494
12,radar_correlator-jetson,12912,17091840,3,1,1,17111505124439136,0,34461312,373344,633504,515946,1,0,1,0,0,0,0,0,0.189930,0.056421,0.055468,0.062135,0.056619,0.058120,0.058414,0.000000,71416,41149,1963,2360,380,145,41246,841,0,2592378,882632,8691,10728,8720,1346,13325,0,0
0,radar_correlator-noapi-jetson,13040,10712416,0,0,0,17111505131645312,7206176,31799936,0,0,0,0,0,0,0,0,0,0,0,0.189930,0.056421,0.055468,0.062135,0.056619,0.058120,0.058414,0.000000,0,0,0,0,0,0,0,0,0,2801674,935007,7229,10105,11632,585,0,0,0
25,temporal_mitigation-jetson,68720,7079776,4,1,1,17111505133027744,1382432,31116832,12192,19264,14688,0,0,0,0,1,0,0,0,0.189930,0.056421,0.055468,0.062135,0.056619,0.058120,0.058414,0.000000,39668,8049,402,223,123,30,0,101,387,1698853,543093,5164,4056,1220,798,0,0,0
4,temporal_mitigation-noapi-jetson,68848,1938976,0,0,0,17111505165678592,32650848,16867360,0,0,0,0,0,0,0,0,0,0,0,0.189930,0.056421,0.055468,0.062135,0.056619,0.058120,0.058414,0.000000,0,0,0,0,0,0,0,0,0,1718670,540925,2314,2452,855,482,0,0,0
21,wifi-tx-nb-jetson,62248,73870464,100,7,2,17111505146050752,-19627840,112449056,6560,315360,24561,2,1,1,1,1,1,1,0,0.189930,0.056421,0.055468,0.062135,0.056619,0.058120,0.058414,0.000000,1113665,262096,7992,14488,4851,1059,301988,8856,35013,12786994,4283879,32437,37175,3269,1903,0,0,0
26,temporal_mitigation-jetson,68720,10479520,4,1,1,17111505241970592,95919840,58757728,10304,33984,20512,0,1,1,1,0,0,0,0,0.189930,0.056421,0.055468,0.062135,0.056619,0.058120,0.058414,0.000000,38223,8053,262,116,133,23,5786,233,820,1680130,533063,3089,3054,930,325,0,0,0
13,radar_correlator-jetson,12912,25458304,3,1,1,17111505257486176,15515584,60917152,35552,248352,119594,1,1,0,0,0,0,1,0,0.189930,0.056421,0.055468,0.062135,0.056619,0.058120,0.058414,0.000000,134084,32958,520,570,142,14,51829,961,2078,935,843549,4858,9705,12170,466,919351,2705,0
22,wifi-tx-nb-jetson,62248,48251232,100,8,2,17111505277382176,19896000,66489568,6656,29248,10573,2,2,1,1,1,1,1,0,0.189930,0.056421,0.055468,0.062135,0.056619,0.058120,0.058414,0.000000,1081189,245970,7726,11298,5108,448,278414,8758,40114,11615270,3580894,29360,26948,3616,1008,429326,0,0
1,radar_correlator-noapi-jetson,13040,5462464,0,0,0,17111505290972480,13590304,58415264,0,0,0,0,0,0,0,0,0,0,0,0.189930,0.056421,0.055468,0.062135,0.056619,0.058120,0.058414,0.000000,0,0,0,0,0,0,0,0,0,2796906,913153,4198,8857,11665,452,0,0,0
5,temporal_mitigation-noapi-jetson,68848,9438496,0,0,0,17111505359111072,68138592,58593280,0,0,0,0,0,0,0,0,0,0,0,0.189930,0.056421,0.055468,0.062135,0.056619,0.058120,0.058414,0.000000,0,0,0,0,0,0,0,0,0,588,540324,2107,4684,825,234,540189,0,0
2,radar_correlator-noapi-jetson,13040,27377984,0,0,0,17111505450436768,91325696,52395392,0,0,0,0,0,0,0,0,0,0,0,0.189930,0.056421,0.055468,0.062135,0.056619,0.058120,0.058414,0.000000,0,0,0,0,0,0,0,0,0,2791607,908997,5241,9679,12137,390,0,0,0
23,wifi-tx-nb-jetson,62248,82583712,100,10,1,17111505408708256,-41728512,145631424,6592,5720064,121469,1,1,1,1,1,1,1,0,0.189930,0.056421,0.055468,0.062135,0.056619,0.058120,0.058414,0.000000,1063481,269723,9087,13163,5989,429,238109,6872,34113,1933523,3633709,28576,26480,3507,808,3049089,0,0
6,temporal_mitigation-noapi-jetson,68848,2659424,0,0,0,17111505552554432,143846176,44336384,0,0,0,0,0,0,0,0,0,0,0,0.189930,0.056421,0.055468,0.062135,0.056619,0.058120,0.058414,0.000000,0,0,0,0,0,0,0,0,0,1697809,534868,2094,2288,807,230,0,0,0
10,pulse_doppler-nb-jetson,17456,483675936,512,46,16,17111505162597856,-389956576,509858720,5280,2197952,92763,16,6,6,6,6,5,5,0,0.189930,0.056421,0.055468,0.062135,0.056619,0.058120,0.058414,0.000000,5927721,1299918,44753,58916,28076,2579,1275045,46352,226937,14935260,5969552,194480,78006,259016,8841,6369331,160198,327508
3,radar_correlator-noapi-jetson,13040,10900768,0,0,0,17111505609973504,447375648,107497728,0,0,0,0,0,0,0,0,0,0,0,0.189930,0.056421,0.055468,0.062135,0.056619,0.058120,0.058414,0.000000,0,0,0,0,0,0,0,0,0,2815747,914928,2572,8667,12090,471,0,0,0
20,SAR-noapi-jetson,21944,620559232,0,0,0,17111505240953248,-369020256,701719200,0,0,0,0,0,0,0,0,0,0,0,0.189930,0.056421,0.055468,0.062135,0.056619,0.058120,0.058414,0.000000,0,0,0,0,0,0,0,0,0,291278372,77794730,477650,149044,203896,1087,58265026,481004,343092
19,SAR-noapi-jetson,21944,916052992,0,0,0,17111505123431296,-117521952,932967008,0,0,0,0,0,0,0,0,0,0,0,0.189930,0.056421,0.055468,0.062135,0.056619,0.058120,0.058414,0.000000,0,0,0,0,0,0,0,0,0,222746384,64019386,448396,219667,308615,2951,79125558,587433,504510
24,wifi-tx-nb-jetson,62248,2477373888,100,10,2,17111505540036288,416604992,2531947040,5568,2124288,148410,2,2,2,2,2,2,2,0,0.189930,0.056421,0.055468,0.062135,0.056619,0.058120,0.058414,0.000000,1081397,252175,9333,11269,6223,205,211107,8811,46633,5144764,2714951,22589,26150,4148,749,2140770,7856,12350
17,SAR_nb-jetson,17984,2476807104,2305,70,74,17111505679479328,139443040,2525723552,1216,6365440,16115,74,73,74,73,72,71,62,0,0.189930,0.056421,0.055468,0.062135,0.056619,0.058120,0.058414,0.000000,46472421,10413189,217658,180557,146469,3026,11159186,218737,675199,217449915,63147583,400807,96166,153309,4627,50537749,600553,591724
14,SAR_nb-jetson,17984,3143462848,2305,143,74,17111505169029696,-510449632,3154663520,1376,6446432,16778,73,73,73,73,73,73,74,0,0.189930,0.056421,0.055468,0.062135,0.056619,0.058120,0.058414,0.000000,50716836,11587596,241717,203546,149287,2606,8804914,184902,654894,192647330,62196032,438903,181688,403680,4901,63664171,497725,584886
18,SAR_nb-jetson,17984,2484201536,2305,172,73,17111505849622784,680593088,2535499808,1216,6656768,19321,73,49,51,51,50,47,47,0,0.189930,0.056421,0.055468,0.062135,0.056619,0.058120,0.058414,0.000000,51773862,11436988,220943,175336,144496,1867,9789234,208283,705360,206726562,58441646,462914,135494,309043,3824,61608154,420541,131937
15,SAR_nb-jetson,17984,3316665376,2305,434,74,17111505339180160,-510442624,3389130720,1376,6033248,19487,74,62,63,62,62,62,60,0,0.189930,0.056421,0.055468,0.062135,0.056619,0.058120,0.058414,0.000000,45407403,10302614,227480,192943,145848,2141,10602633,221000,665563,196640863,58723390,455284,175529,225803,5211,53758095,632833,951730
16,SAR_nb-jetson,17984,3176743648,2305,386,74,17111505509324864,170144704,3261323904,1472,6469792,17520,74,63,62,61,63,61,60,0,0.189930,0.056421,0.055468,0.062135,0.056619,0.058120,0.058414,0.000000,48085939,10756552,237123,190167,141807,2234,10249467,214589,686759,174738379,61202166,625881,200523,389391,3685,70907626,326408,746141
11,pulse_doppler-nb-jetson,17456,8176086656,512,15,18,17111505339359552,-169965312,8242838752,5344,2532864,131882,18,18,11,12,12,12,12,0,0.189930,0.056421,0.055468,0.062135,0.056619,0.058120,0.058414,0.000000,5268158,1204037,48451,57791,33957,1733,1140735,44981,195690,16488981,3850154,70883,55161,225144,5030,6693028,195326,278118
7,track_nb-jetson,277448,8580268640,24580,852,147,17111505089051872,-250307680,8591492992,32768,19872768,67010,147,131,133,132,132,135,130,0,0.189930,0.056421,0.055468,0.062135,0.056619,0.058120,0.058414,0.000000,2380200072,469001460,5982715,5324294,1818139,27105,459441472,6186196,10341129,3524234941,530805546,35281238,3684929,7521988,25136,560068316,36068858,3232635
8,track_nb-jetson,277448,8811038208,24580,893,150,17111505198682016,109630144,8817950336,33056,20342400,58733,150,133,133,134,134,133,131,0,0.189930,0.056421,0.055468,0.062135,0.056619,0.058120,0.058414,0.000000,2438248094,479369692,6816897,5357778,1823186,23508,435983893,6256136,10416667,3538781224,554460012,35099435,3852053,5468585,23219,527156998,35638146,3285075
9,track_nb-jetson,277448,8720305856,24580,1024,147,17111505307212288,108530272,8755729088,32864,20538432,55732,147,143,144,142,142,147,141,0,0.189930,0.056421,0.055468,0.062135,0.056619,0.058120,0.058414,0.000000,2400748576,474827115,6205684,5405511,1764736,23573,445911963,5761305,9688920,3468850463,523704889,33534300,3628213,4708231,20826,505379062,37394363,2953650
