app_id,app_name,app_size,app_runtime,app_task_count,max_in_ready_queue,max_in_todo_queue,ref_arrival_time,app_diff_arrival_time,app_lifetime,app_api_min,app_api_max,app_api_mean,cpu1_todo_queue,cpu2_todo_queue,cpu3_todo_queue,cpu4_todo_queue,cpu5_todo_queue,cpu6_todo_queue,cpu7_todo_queue,cpu8_todo_queue,cpu9_todo_queue,cpu10_todo_queue,cpu11_todo_queue,cpu1,cpu2,cpu3,cpu4,cpu5,cpu6,cpu7,cpu8,cpu9,cpu10,cpu11,API_INSTRUCTIONS,API_CACHE_REFERENCES,API_CACHE_MISSES,API_BRANCH_MISSES,API_DTLB_READ_MISS,API_ITLB_READ_MISS,API_L1D_READ_ACCESS,API_L1D_READ_MISS,API_L1I_READ_MISS,APP_INSTRUCTIONS,APP_CACHE_REFERENCES,APP_CACHE_MISSES,APP_BRANCH_MISSES,APP_DTLB_READ_MISS,APP_ITLB_READ_MISS,APP_L1D_READ_ACCESS,APP_L1D_READ_MISS,APP_L1I_READ_MISS
14,wifi-tx-nb-x86,67888,25986453,100,6,1,209522925394626,0,36052498,2449,80851,4910,1,1,1,1,1,1,1,1,1,1,1,0.120118,0.123014,0.143297,0.117299,0.108921,0.101068,0.124466,0.102650,0.099373,0.105150,0.110924,1110103,29625,565,3397,51,26,90887,5120,9992,12249665,92308,3231,26909,217,0,0,0,0
28,temporal_mitigation-noapi-x86,61688,630878,0,0,0,209522955244640,29850014,14959617,0,0,0,0,0,0,0,0,0,0,0,0,0,0,0.120118,0.123014,0.143297,0.117299,0.108921,0.101068,0.124466,0.102650,0.099373,0.105150,0.110924,0,0,0,0,0,0,0,0,0,1757268,11039,2635,5348,100,0,0,0,0
23,radar_correlator-noapi-x86,20208,399926,0,0,0,209522961487588,6242948,9303060,0,0,0,0,0,0,0,0,0,0,0,0,0,0,0.120118,0.123014,0.143297,0.117299,0.108921,0.101068,0.124466,0.102650,0.099373,0.105150,0.110924,0,0,0,0,0,0,0,0,0,1152024,11763,3860,3967,109,0,0,0,0
19,temporal_mitigation-x86,57392,5028137,4,1,1,209522975634059,14146471,13416458,3550,6961,5569,0,0,0,1,0,1,1,1,0,0,0,0.120118,0.123014,0.143297,0.117299,0.108921,0.101068,0.124466,0.102650,0.099373,0.105150,0.110924,23064,617,36,99,7,12,2333,152,315,1722237,14703,3083,1987,89,0,0,0,0
26,radar_correlator-x86,20136,1010049,3,1,1,209522984736347,9102288,9221998,19953,22756,21249,0,1,1,1,0,0,0,0,0,0,0,0.120118,0.123014,0.143297,0.117299,0.108921,0.101068,0.124466,0.102650,0.099373,0.105150,0.110924,79224,2,0,15,15,8,48391,942,521,864624,14388,2067,2780,89,0,0,0,0
5,SAR-noapi-x86,20640,158363464,0,0,0,209522885206725,-99529622,166948341,0,0,0,0,0,0,0,0,0,0,0,0,0,0,0.120118,0.123014,0.143297,0.117299,0.108921,0.101068,0.124466,0.102650,0.099373,0.105150,0.110924,0,0,0,0,0,0,0,0,0,197912476,708745,116079,269273,1485,463,52623875,465742,126903
29,temporal_mitigation-noapi-x86,61688,4501212,0,0,0,209523105876441,220669716,7997261,0,0,0,0,0,0,0,0,0,0,0,0,0,0,0.120118,0.123014,0.143297,0.117299,0.108921,0.101068,0.124466,0.102650,0.099373,0.105150,0.110924,0,0,0,0,0,0,0,0,0,1740370,14717,1659,7781,137,0,0,0,0
24,radar_correlator-noapi-x86,20208,818995,0,0,0,209523133378472,27502031,11654524,0,0,0,0,0,0,0,0,0,0,0,0,0,0,0.120118,0.123014,0.143297,0.117299,0.108921,0.101068,0.124466,0.102650,0.099373,0.105150,0.110924,0,0,0,0,0,0,0,0,0,1082356,9289,1929,2877,37,0,0,0,0
6,SAR-noapi-x86,20640,141325242,0,0,0,209523019831734,-113546738,147067457,0,0,0,0,0,0,0,0,0,0,0,0,0,0,0.120118,0.123014,0.143297,0.117299,0.108921,0.101068,0.124466,0.102650,0.099373,0.105150,0.110924,0,0,0,0,0,0,0,0,0,169950429,1125879,218226,383288,1241,644,27163519,432469,142359
9,pulse_doppler-nb-x86,20528,262331854,512,38,14,209522899037191,-120794543,268439508,2157,196461,10553,14,13,9,8,12,11,11,14,12,12,12,0.120118,0.123014,0.143297,0.117299,0.108921,0.101068,0.124466,0.102650,0.099373,0.105150,0.110924,4366795,181477,11204,26349,1269,454,602028,23255,37231,18110136,563164,36212,76981,1194,0,0,0,0
20,temporal_mitigation-x86,57392,3500348,4,1,1,209523172590791,273553600,3823605,2293,5317,3928,1,1,1,0,0,0,0,0,0,0,1,0.120118,0.123014,0.143297,0.117299,0.108921,0.101068,0.124466,0.102650,0.099373,0.105150,0.110924,13925,1080,32,152,6,0,3295,160,259,1713787,16708,1929,5164,76,0,0,0,0
17,SAR_nb-x86,24968,222038943,2305,445,50,209522961487588,-211103203,231115494,497,9976431,16817,46,42,43,46,39,46,47,42,42,50,49,0.120118,0.123014,0.143297,0.117299,0.108921,0.101068,0.124466,0.102650,0.099373,0.105150,0.110924,44806333,750506,238726,80418,2406,216,6696792,203841,215865,153698131,1021042,120851,447745,369,404,36173068,261613,277571
15,wifi-tx-nb-x86,67888,87936381,100,10,2,209523098437663,136950075,95665075,2065,2815440,39876,1,1,1,1,1,1,1,1,1,1,2,0.120118,0.123014,0.143297,0.117299,0.108921,0.101068,0.124466,0.102650,0.099373,0.105150,0.110924,827041,36838,2827,6563,274,106,124897,6259,14965,12211796,82748,18665,34247,237,0,0,0,0
27,radar_correlator-x86,20136,66754567,3,1,1,209523174236979,75799316,67010439,16857,37664992,17351778,0,0,0,1,0,0,0,0,0,0,0,0.120118,0.123014,0.143297,0.117299,0.108921,0.101068,0.124466,0.102650,0.099373,0.105150,0.110924,243860,6349,1052,483,62,0,0,290,565,912478,18541,4628,4131,167,0,0,0,0
30,temporal_mitigation-noapi-x86,61688,531276,0,0,0,209523256507771,82270792,8741157,0,0,0,0,0,0,0,0,0,0,0,0,0,0,0.120118,0.123014,0.143297,0.117299,0.108921,0.101068,0.124466,0.102650,0.099373,0.105150,0.110924,0,0,0,0,0,0,0,0,0,1741833,9632,2360,5027,45,0,0,0,0
25,radar_correlator-noapi-x86,20208,3958000,0,0,0,209523306764341,50256570,26219710,0,0,0,0,0,0,0,0,0,0,0,0,0,0,0.120118,0.123014,0.143297,0.117299,0.108921,0.101068,0.124466,0.102650,0.099373,0.105150,0.110924,0,0,0,0,0,0,0,0,0,1087115,11045,2046,6333,27,0,0,0,0
7,SAR-noapi-x86,20640,196232154,0,0,0,209523163767736,-142996605,201855550,0,0,0,0,0,0,0,0,0,0,0,0,0,0,0.120118,0.123014,0.143297,0.117299,0.108921,0.101068,0.124466,0.102650,0.099373,0.105150,0.110924,0,0,0,0,0,0,0,0,0,236418387,1386971,392797,347469,1522,505,33549754,27421,81561
31,temporal_mitigation-noapi-x86,61688,1361263,0,0,0,209523407139541,243371805,9787142,0,0,0,0,0,0,0,0,0,0,0,0,0,0,0.120118,0.123014,0.143297,0.117299,0.108921,0.101068,0.124466,0.102650,0.099373,0.105150,0.110924,0,0,0,0,0,0,0,0,0,1749761,8337,4673,4712,74,0,0,0,0
21,temporal_mitigation-x86,57392,62218766,4,1,1,209523369416982,-37722559,70605726,6597,136855,55719,0,0,0,0,1,1,0,0,0,1,0,0.120118,0.123014,0.143297,0.117299,0.108921,0.101068,0.124466,0.102650,0.099373,0.105150,0.110924,1364,1935,485,137,6,5,0,132,290,1711463,17510,7129,8822,135,0,0,0,0
8,SAR-noapi-x86,20640,160003986,0,0,0,209523303730068,-65686914,169657487,0,0,0,0,0,0,0,0,0,0,0,0,0,0,0.120118,0.123014,0.143297,0.117299,0.108921,0.101068,0.124466,0.102650,0.099373,0.105150,0.110924,0,0,0,0,0,0,0,0,0,228579247,1287434,555260,184225,1495,200,34022542,91415,82596
32,temporal_mitigation-noapi-x86,61688,1059619,0,0,0,209523557770669,254040601,9271142,0,0,0,0,0,0,0,0,0,0,0,0,0,0,0.120118,0.123014,0.143297,0.117299,0.108921,0.101068,0.124466,0.102650,0.099373,0.105150,0.110924,0,0,0,0,0,0,0,0,0,1739395,8881,2768,5050,47,0,0,0,0
22,temporal_mitigation-x86,57392,31006347,4,1,1,209523566309138,8538469,38609705,4795,8209,6451,0,0,0,1,0,0,1,0,0,1,0,0.120118,0.123014,0.143297,0.117299,0.108921,0.101068,0.124466,0.102650,0.099373,0.105150,0.110924,15802,388,167,131,3,4,5648,201,473,1712816,14931,4854,5181,99,0,0,0,0
16,wifi-tx-nb-x86,67888,434548115,100,10,2,209523271477788,-294831350,442766855,1829,313532,22076,1,1,2,1,2,2,1,2,1,1,1,0.120118,0.123014,0.143297,0.117299,0.108921,0.101068,0.124466,0.102650,0.099373,0.105150,0.110924,1110256,31574,5984,3439,314,128,174382,8595,12038,2450483,55096,39419,32625,257,128,0,0,0
18,SAR_nb-x86,24968,561091032,2305,258,52,209523145582963,-125894825,569275385,791,1518335,6740,48,52,47,48,47,45,48,51,46,48,47,0.120118,0.123014,0.143297,0.117299,0.108921,0.101068,0.124466,0.102650,0.099373,0.105150,0.110924,44197426,648988,246866,67099,3031,512,8744770,223405,198438,163196451,773178,157222,337747,1964,1224,30304783,213817,155490
10,pulse_doppler-nb-x86,20528,2463322326,512,21,12,209523053415444,-92167519,2463535150,1878,631235,17054,11,12,7,6,12,6,7,6,6,6,5,0.120118,0.123014,0.143297,0.117299,0.108921,0.101068,0.124466,0.102650,0.099373,0.105150,0.110924,5640193,159766,21692,17074,660,476,730444,37190,66551,1311276,139929,152581,90284,3616,3673,364787,0,0
11,pulse_doppler-nb-x86,20528,2342807892,512,9,12,209523207794060,154378616,2343070379,2029,129317,15773,7,12,7,9,8,10,8,7,8,8,9,0.120118,0.123014,0.143297,0.117299,0.108921,0.101068,0.124466,0.102650,0.099373,0.105150,0.110924,5026307,175557,21774,18480,909,461,913753,37621,53633,2059285,722148,146629,90330,4456,0,0,0,0
12,pulse_doppler-nb-x86,20528,2187836345,512,5,11,209523365675848,157881788,2200750219,2151,133024,16499,7,8,8,8,7,11,9,8,7,7,11,0.120118,0.123014,0.143297,0.117299,0.108921,0.101068,0.124466,0.102650,0.099373,0.105150,0.110924,4780851,141347,22192,18419,764,467,824848,34474,63252,8620900,686958,140697,84425,3952,0,0,0,0
13,pulse_doppler-nb-x86,20528,2052937298,512,12,12,209523517527831,151851983,2060172863,2242,118344,14799,7,7,7,7,7,12,8,8,11,7,7,0.120118,0.123014,0.143297,0.117299,0.108921,0.101068,0.124466,0.102650,0.099373,0.105150,0.110924,5461265,152763,18138,20568,793,469,800031,34365,57195,6789433,602004,127300,79559,3146,16,0,0,0
0,track_nb-x86,291568,3171964850,24580,957,98,209522858227849,-659299982,3180291094,11642,35588670,48753,97,98,98,95,95,97,93,96,94,92,93,0.120118,0.123014,0.143297,0.117299,0.108921,0.101068,0.124466,0.102650,0.099373,0.105150,0.110924,2226234304,18358727,5575134,1211362,55206,6306,422204586,7546865,3145711,2845081835,64068077,16038956,3849308,63413,2983,904022423,18691725,1656864
2,track_nb-x86,291568,3046859603,24580,766,101,209523129171981,270944132,3047152459,11472,17968220,30554,94,94,99,96,98,101,96,99,96,92,93,0.120118,0.123014,0.143297,0.117299,0.108921,0.101068,0.124466,0.102650,0.099373,0.105150,0.110924,2313456785,17531483,5691598,1073364,53038,4377,426128574,8316182,3132487,2832779603,62050209,15300032,3604215,56241,2325,923436455,19149882,1066602
3,track_nb-x86,291568,3012205905,24580,991,103,209523255347113,126175132,3020412344,11910,15520169,33050,98,95,95,95,103,97,95,96,93,93,96,0.120118,0.123014,0.143297,0.117299,0.108921,0.101068,0.124466,0.102650,0.099373,0.105150,0.110924,2132268453,18430475,5414454,1038791,53651,4890,406836736,8401523,3400732,2859057644,60578835,14879846,3853244,54974,3168,920693263,21898059,1180107
4,track_nb-x86,291568,2909739521,24580,1022,100,209523387720781,132373668,2911217567,11643,15311813,29271,97,97,97,100,97,99,96,99,98,92,97,0.120118,0.123014,0.143297,0.117299,0.108921,0.101068,0.124466,0.102650,0.099373,0.105150,0.110924,2498495123,17639468,5277628,1036803,51302,4577,416449625,7794044,3013713,2822805089,66785318,15389166,3528177,59764,2824,914255160,19559285,1219236
1,track_nb-x86,291568,3379442916,24580,1024,99,209522990600266,-397120515,3387771865,11750,11234721,31689,93,97,99,93,96,95,96,96,95,90,94,0.120118,0.123014,0.143297,0.117299,0.108921,0.101068,0.124466,0.102650,0.099373,0.105150,0.110924,2591921956,14728514,3113054,1028160,55570,4031,469527936,8343318,3607392,2697061225,61791048,12238615,3582555,59772,3347,921442127,21007212,1301096
6,temporal_mitigation-noapi-x86,61688,843673,0,0,0,209528010364833,0,10189060,0,0,0,0,0,0,0,0,0,0,0,0,0,0,0.138871,0.133503,0.144364,0.138947,0.129951,0.139228,0.140595,0.136793,0.134073,0.134169,0.136779,0,0,0,0,0,0,0,0,0,1757825,12209,4338,5305,114,0,0,0,0
29,radar_correlator-x86,20136,1205633,3,1,1,209528040510343,30145510,9411058,38140,63336,53798,1,1,1,0,0,0,0,0,0,0,0,0.138871,0.133503,0.144364,0.138947,0.129951,0.139228,0.140595,0.136793,0.134073,0.134169,0.136779,249857,6495,573,1236,105,0,0,0,0,981190,15882,2975,3609,165,0,0,0,0
4,temporal_mitigation-x86,57392,2401213,4,1,1,209528077620053,37109710,10794331,3240,6724,5723,1,0,0,0,1,1,0,1,0,0,0,0.138871,0.133503,0.144364,0.138947,0.129951,0.139228,0.140595,0.136793,0.134073,0.134169,0.136779,47876,1333,27,180,9,0,0,0,0,1721154,16860,1857,2866,82,0,0,0,0
18,radar_correlator-noapi-x86,20208,722542,0,0,0,209528116992338,39372285,9167956,0,0,0,0,0,0,0,0,0,0,0,0,0,0,0.138871,0.133503,0.144364,0.138947,0.129951,0.139228,0.140595,0.136793,0.134073,0.134169,0.136779,0,0,0,0,0,0,0,0,0,1092204,12102,2569,3065,87,0,0,0,0
7,temporal_mitigation-noapi-x86,61688,845408,0,0,0,209528120822932,3830594,22167685,0,0,0,0,0,0,0,0,0,0,0,0,0,0,0.138871,0.133503,0.144364,0.138947,0.129951,0.139228,0.140595,0.136793,0.134073,0.134169,0.136779,0,0,0,0,0,0,0,0,0,1738724,7325,1282,4756,29,0,0,0,0
26,wifi-tx-nb-x86,67888,22340383,100,10,1,209528111189580,-9633352,38864081,2595,328797,12388,1,1,1,1,1,1,1,1,1,1,1,0.138871,0.133503,0.144364,0.138947,0.129951,0.139228,0.140595,0.136793,0.134073,0.134169,0.136779,1336048,29259,668,3219,215,99,192939,8194,13094,1023013,75865,2986,22913,163,0,0,0,0
30,radar_correlator-x86,20136,858194,3,1,1,209528143468579,32278999,9109748,14891,21744,19447,0,0,1,0,1,0,0,1,0,0,0,0.138871,0.133503,0.144364,0.138947,0.129951,0.139228,0.140595,0.136793,0.134073,0.134169,0.136779,156897,1921,113,535,1,0,32454,272,750,863320,12223,1018,2729,32,0,0,0,0
8,temporal_mitigation-noapi-x86,61688,1134592,0,0,0,209528231275577,87806998,1615598,0,0,0,0,0,0,0,0,0,0,0,0,0,0,0.138871,0.133503,0.144364,0.138947,0.129951,0.139228,0.140595,0.136793,0.134073,0.134169,0.136779,0,0,0,0,0,0,0,0,0,568689,11171,1915,7843,48,0,0,0,0
31,radar_correlator-x86,20136,9118750,3,1,1,209528246785900,15510323,9289611,16736,18051,17425,0,0,0,0,1,0,0,0,0,1,1,0.138871,0.133503,0.144364,0.138947,0.129951,0.139228,0.140595,0.136793,0.134073,0.134169,0.136779,78975,2043,4,276,15,2,32457,326,345,969752,17673,5026,5008,113,0,0,0,0
15,SAR-noapi-x86,20640,153594142,0,0,0,209528097070113,-149715787,162346034,0,0,0,0,0,0,0,0,0,0,0,0,0,0,0.138871,0.133503,0.144364,0.138947,0.129951,0.139228,0.140595,0.136793,0.134073,0.134169,0.136779,0,0,0,0,0,0,0,0,0,173514190,931153,79990,360858,945,310,57672612,472910,94149
5,temporal_mitigation-x86,57392,1535150,4,1,1,209528261519622,164449509,9918258,4856,7450,6141,0,0,0,0,0,0,0,1,1,1,1,0.138871,0.133503,0.144364,0.138947,0.129951,0.139228,0.140595,0.136793,0.134073,0.134169,0.136779,14173,446,7,105,12,15,5616,241,143,1707850,11838,2243,2737,30,0,0,0,0
21,pulse_doppler-nb-x86,20528,236279710,512,47,14,209528071611459,-189908163,246663773,1734,3183885,15356,7,10,9,12,11,9,14,12,11,12,11,0.138871,0.133503,0.144364,0.138947,0.129951,0.139228,0.140595,0.136793,0.134073,0.134169,0.136779,5139266,158365,6454,23849,931,349,696903,29531,49170,6994741,304664,9965,70475,983,372,2112578,39250,0
19,radar_correlator-noapi-x86,20208,525672,0,0,0,209528315023138,243411679,9099933,0,0,0,0,0,0,0,0,0,0,0,0,0,0,0.138871,0.133503,0.144364,0.138947,0.129951,0.139228,0.140595,0.136793,0.134073,0.134169,0.136779,0,0,0,0,0,0,0,0,0,1162071,9615,4313,3624,37,0,0,0,0
10,SAR_nb-x86,24968,280766151,2305,361,44,209528055655572,-259367566,288968758,531,692417,6679,28,32,28,44,34,28,31,30,28,40,30,0.138871,0.133503,0.144364,0.138947,0.129951,0.139228,0.140595,0.136793,0.134073,0.134169,0.136779,47856142,753061,189427,72991,2220,414,7328785,245550,252448,133927903,267290,173356,706061,2400,317,36489157,16790,66386
9,temporal_mitigation-noapi-x86,61688,1271648,0,0,0,209528344693300,289037728,1464596,0,0,0,0,0,0,0,0,0,0,0,0,0,0,0.138871,0.133503,0.144364,0.138947,0.129951,0.139228,0.140595,0.136793,0.134073,0.134169,0.136779,0,0,0,0,0,0,0,0,0,1773473,20216,6102,7597,158,0,0,0,0
32,radar_correlator-x86,20136,11368091,3,1,1,209528349385345,4692045,11624970,15721,53098,28404,0,0,0,0,1,1,1,0,0,0,0,0.138871,0.133503,0.144364,0.138947,0.129951,0.139228,0.140595,0.136793,0.134073,0.134169,0.136779,161930,2651,281,364,0,0,32521,310,559,968612,18086,3734,4580,138,0,0,0,0
27,wifi-tx-nb-x86,67888,120937451,100,10,2,209528291891930,-57493415,129205604,2201,299843,14654,2,1,2,1,2,1,1,1,2,1,1,0.138871,0.133503,0.144364,0.138947,0.129951,0.139228,0.140595,0.136793,0.134073,0.134169,0.136779,1035834,29149,3790,5447,329,131,181913,6469,11183,261808,90690,30258,67379,243,0,0,0,0
33,radar_correlator-x86,20136,8628813,3,1,1,209528452343592,160451662,13019638,14697,17912,16643,0,1,1,0,1,0,0,0,0,0,0,0.138871,0.133503,0.144364,0.138947,0.129951,0.139228,0.140595,0.136793,0.134073,0.134169,0.136779,1178,949,8,559,3,0,48200,307,0,883065,12521,4819,2950,46,0,0,0,0
11,SAR_nb-x86,24968,281180784,2305,281,49,209528213720485,-238623107,289679575,504,806906,6290,36,49,32,47,48,47,45,33,35,46,47,0.138871,0.133503,0.144364,0.138947,0.129951,0.139228,0.140595,0.136793,0.134073,0.134169,0.136779,56299200,589200,219893,60801,2490,289,8457929,207225,189033,120845478,703523,24035,164346,1518,624,47369108,467354,150334
20,radar_correlator-noapi-x86,20208,108231282,0,0,0,209528506831127,293110642,109357807,0,0,0,0,0,0,0,0,0,0,0,0,0,0,0.138871,0.133503,0.144364,0.138947,0.129951,0.139228,0.140595,0.136793,0.134073,0.134169,0.136779,0,0,0,0,0,0,0,0,0,1083242,19845,5283,6966,206,0,0,0,0
16,SAR-noapi-x86,20640,337829093,0,0,0,209528276805513,-230025614,348070807,0,0,0,0,0,0,0,0,0,0,0,0,0,0,0.138871,0.133503,0.144364,0.138947,0.129951,0.139228,0.140595,0.136793,0.134073,0.134169,0.136779,0,0,0,0,0,0,0,0,0,150236406,334790,284724,302485,2432,526,50696633,204632,146683
17,SAR-noapi-x86,20640,162450209,0,0,0,209528456542783,179737270,174623315,0,0,0,0,0,0,0,0,0,0,0,0,0,0,0.138871,0.133503,0.144364,0.138947,0.129951,0.139228,0.140595,0.136793,0.134073,0.134169,0.136779,0,0,0,0,0,0,0,0,0,133328887,483867,34227,367432,1305,277,49670101,448358,18150
12,SAR_nb-x86,24968,378661576,2305,440,51,209528351226988,-105315795,379215173,510,43083,5220,49,51,48,51,47,46,48,47,49,50,47,0.138871,0.133503,0.144364,0.138947,0.129951,0.139228,0.140595,0.136793,0.134073,0.134169,0.136779,43330167,663238,234246,76755,2047,363,7580698,197116,229552,166433997,1123522,259087,149129,151,185,37980414,363317,309983
28,wifi-tx-nb-x86,67888,376119230,100,10,1,209528472596717,121369729,410232591,1820,323320,10283,1,1,1,1,1,1,1,1,1,1,1,0.138871,0.133503,0.144364,0.138947,0.129951,0.139228,0.140595,0.136793,0.134073,0.134169,0.136779,959822,25276,5519,4425,240,33,159197,6234,12978,12210547,104945,47101,78429,642,0,0,0,0
13,SAR_nb-x86,24968,506841620,2305,490,55,209528499000049,26403332,515823160,763,113408,5632,50,51,48,50,50,48,55,53,55,46,51,0.138871,0.133503,0.144364,0.138947,0.129951,0.139228,0.140595,0.136793,0.134073,0.134169,0.136779,45780683,617552,227423,64392,2023,229,8624945,247240,221006,107851097,957409,116899,182691,1071,542,38436170,429888,224668
14,SAR_nb-x86,24968,485425813,2305,140,52,209528646780955,147780906,485793813,725,135181,5773,48,46,30,52,46,51,31,49,30,43,47,0.138871,0.133503,0.144364,0.138947,0.129951,0.139228,0.140595,0.136793,0.134073,0.134169,0.136779,52043054,571022,179232,56465,2152,411,9937067,269773,199076,121857941,1262703,97129,384330,948,500,31725155,334675,424644
22,pulse_doppler-nb-x86,20528,1964471185,512,3,12,209528220084853,-426696102,1964655634,1902,945116,16949,12,11,6,5,11,5,5,5,6,6,5,0.138871,0.133503,0.144364,0.138947,0.129951,0.139228,0.140595,0.136793,0.134073,0.134169,0.136779,4773666,141763,19330,22138,785,376,955288,34023,54862,23520874,698716,141782,101453,3393,0,0,0,0
23,pulse_doppler-nb-x86,20528,2022263328,512,26,14,209528368554436,148469583,2033672888,2066,151973,13694,9,9,14,8,12,8,11,13,7,9,9,0.138871,0.133503,0.144364,0.138947,0.129951,0.139228,0.140595,0.136793,0.134073,0.134169,0.136779,4884218,132685,16433,18885,735,283,965201,39507,57931,23444872,667934,148119,92711,3808,0,0,0,0
25,pulse_doppler-nb-x86,20528,1787888772,512,13,13,209528665682699,297128263,1788207098,1830,115833,14507,11,7,10,7,5,5,13,6,4,5,6,0.138871,0.133503,0.144364,0.138947,0.129951,0.139228,0.140595,0.136793,0.134073,0.134169,0.136779,4707384,126788,13635,19237,803,348,946676,34160,56283,13152646,453598,126057,87870,2941,352,1286223,0,0
24,pulse_doppler-nb-x86,20528,1880662763,512,3,12,209528616257909,-49424790,1880834140,1566,14071975,41005,10,8,8,8,12,12,9,8,9,8,8,0.138871,0.133503,0.144364,0.138947,0.129951,0.139228,0.140595,0.136793,0.134073,0.134169,0.136779,5192637,120989,18085,20509,987,471,811752,38703,61648,10288404,645532,131359,88328,3099,18,0,0,0
0,track_nb-x86,291568,3012020176,24580,948,101,209528047115906,-569142003,3020199579,11656,15104718,57133,94,94,94,97,95,97,94,96,101,100,93,0.138871,0.133503,0.144364,0.138947,0.129951,0.139228,0.140595,0.136793,0.134073,0.134169,0.136779,2249675405,15152813,4789623,1145935,51941,6347,383066539,8065161,3089530,2753190248,65676559,14598722,3595403,67257,2242,920675958,21291285,1369802
1,track_nb-x86,291568,3135308208,24580,1024,101,209528213720485,166604579,3143611362,11520,38940118,89475,98,94,95,96,101,97,100,94,100,97,99,0.138871,0.133503,0.144364,0.138947,0.129951,0.139228,0.140595,0.136793,0.134073,0.134169,0.136779,2221455260,15156783,4796684,1170454,53573,5665,417302884,7097911,3427292,2747019040,66193938,14111829,3781580,55956,1340,931397642,19123291,1697948
2,track_nb-x86,291568,2975084125,24580,650,101,209528376900038,163179553,2983347109,11735,17485143,34970,98,94,94,94,93,93,96,98,101,94,95,0.138871,0.133503,0.144364,0.138947,0.129951,0.139228,0.140595,0.136793,0.134073,0.134169,0.136779,2543952263,15540864,5413806,1022974,46295,5390,451888175,7564790,2969126,2797098276,59745090,15635009,4009553,63607,1897,887941949,19043495,1141907
3,track_nb-x86,291568,2886150128,24580,1024,106,209528616257909,239357871,2887673461,11395,13639283,27015,102,105,98,96,96,106,97,103,94,95,96,0.138871,0.133503,0.144364,0.138947,0.129951,0.139228,0.140595,0.136793,0.134073,0.134169,0.136779,2475819710,13167061,4731812,1046370,51816,3673,460164202,7989551,3035149,2657594603,65568543,15947080,3835360,59264,1309,927668729,19582390,1272001
21,radar_correlator-x86,20136,5579637,3,1,1,209533238295028,0,18695015,20956,123266,64519,0,0,0,1,0,0,0,1,0,0,1,0.088082,0.101560,0.086583,0.109742,0.097196,0.109147,0.116309,0.113145,0.108886,0.091131,0.127255,1178,1528,264,629,44,17,15760,311,0,866489,21367,3585,3770,146,0,0,0,0
13,radar_correlator-noapi-x86,20208,611599,0,0,0,209533265102721,26807693,8208396,0,0,0,0,0,0,0,0,0,0,0,0,0,0,0.088082,0.101560,0.086583,0.109742,0.097196,0.109147,0.116309,0.113145,0.108886,0.091131,0.127255,0,0,0,0,0,0,0,0,0,1089655,12042,2173,3237,87,0,0,0,0
28,temporal_mitigation-noapi-x86,61688,1852329,0,0,0,209533287568633,22465912,15655955,0,0,0,0,0,0,0,0,0,0,0,0,0,0,0.088082,0.101560,0.086583,0.109742,0.097196,0.109147,0.116309,0.113145,0.108886,0.091131,0.127255,0,0,0,0,0,0,0,0,0,1756543,10532,2883,2940,92,0,0,0,0
24,temporal_mitigation-x86,57392,24605997,4,1,1,209533304795138,17226505,36521813,5739,7693,6891,0,0,0,1,1,0,1,1,0,0,0,0.088082,0.101560,0.086583,0.109742,0.097196,0.109147,0.116309,0.113145,0.108886,0.091131,0.127255,14049,284,47,141,7,7,3289,110,153,1719830,20783,3480,3124,160,0,0,0,0
7,SAR-noapi-x86,20640,157984873,0,0,0,209533228971569,-75823569,175950693,0,0,0,0,0,0,0,0,0,0,0,0,0,0,0.088082,0.101560,0.086583,0.109742,0.097196,0.109147,0.116309,0.113145,0.108886,0.091131,0.127255,0,0,0,0,0,0,0,0,0,204022566,366949,322312,379950,2173,260,34796397,213780,136098
17,wifi-tx-nb-x86,67888,127729861,100,10,1,209533278958094,49986525,135932912,2376,115158,5400,1,1,1,1,1,1,1,1,1,1,1,0.088082,0.101560,0.086583,0.109742,0.097196,0.109147,0.116309,0.113145,0.108886,0.091131,0.127255,1036812,35743,2263,4936,230,85,155343,5718,10348,12247920,77596,13630,24234,173,0,0,0,0
22,radar_correlator-x86,20136,53337296,3,1,1,209533358123525,79165431,61559452,18146,70273,36681,0,0,1,0,0,0,1,0,0,0,1,0.088082,0.101560,0.086583,0.109742,0.097196,0.109147,0.116309,0.113145,0.108886,0.091131,0.127255,79247,849,23,208,6,5,32517,566,369,950577,15903,3110,3649,84,0,0,0,0
29,temporal_mitigation-noapi-x86,61688,847849,0,0,0,209533437083535,78960010,4459924,0,0,0,0,0,0,0,0,0,0,0,0,0,0,0.088082,0.101560,0.086583,0.109742,0.097196,0.109147,0.116309,0.113145,0.108886,0.091131,0.127255,0,0,0,0,0,0,0,0,0,1741076,7362,2439,4924,36,0,0,0,0
14,radar_correlator-noapi-x86,20208,3197290,0,0,0,209533446526524,9442989,11761048,0,0,0,0,0,0,0,0,0,0,0,0,0,0,0.088082,0.101560,0.086583,0.109742,0.097196,0.109147,0.116309,0.113145,0.108886,0.091131,0.127255,0,0,0,0,0,0,0,0,0,1083545,13175,2069,2953,44,0,0,0,0
23,radar_correlator-x86,20136,16749280,3,1,1,209533477520205,30993681,24928631,15504,21103,18297,0,0,0,1,0,0,0,1,0,0,0,0.088082,0.101560,0.086583,0.109742,0.097196,0.109147,0.116309,0.113145,0.108886,0.091131,0.127255,161949,2978,524,576,16,0,0,0,630,892967,13608,3472,1552,54,0,0,0,0
25,temporal_mitigation-x86,57392,26051157,4,1,1,209533492196452,14676247,34405267,5038,7593,6518,1,0,0,0,0,1,1,0,0,0,1,0.088082,0.101560,0.086583,0.109742,0.097196,0.109147,0.116309,0.113145,0.108886,0.091131,0.127255,3365,618,290,101,7,5,2761,146,304,872,16225,3232,3433,111,0,0,0,0
30,temporal_mitigation-noapi-x86,61688,1766727,0,0,0,209533596664352,104467900,9168327,0,0,0,0,0,0,0,0,0,0,0,0,0,0,0.088082,0.101560,0.086583,0.109742,0.097196,0.109147,0.116309,0.113145,0.108886,0.091131,0.127255,0,0,0,0,0,0,0,0,0,1745107,14912,2492,7681,110,0,0,0,0
8,SAR-noapi-x86,20640,204382965,0,0,0,209533404986118,-191678234,212597385,0,0,0,0,0,0,0,0,0,0,0,0,0,0,0.088082,0.101560,0.086583,0.109742,0.097196,0.109147,0.116309,0.113145,0.108886,0.091131,0.127255,0,0,0,0,0,0,0,0,0,214678565,767254,496582,307396,2281,609,28970443,174996,208235
9,SAR-noapi-x86,20640,69403504,0,0,0,209533533879241,128893123,91872762,0,0,0,0,0,0,0,0,0,0,0,0,0,0,0.088082,0.101560,0.086583,0.109742,0.097196,0.109147,0.116309,0.113145,0.108886,0.091131,0.127255,0,0,0,0,0,0,0,0,0,193654711,327978,39603,171872,1564,297,44795564,459737,31110
15,radar_correlator-noapi-x86,20208,927209,0,0,0,209533628367580,94488339,1272326,0,0,0,0,0,0,0,0,0,0,0,0,0,0,0.088082,0.101560,0.086583,0.109742,0.097196,0.109147,0.116309,0.113145,0.108886,0.091131,0.127255,0,0,0,0,0,0,0,0,0,1086589,10923,4301,3050,57,0,0,0,0
11,SAR_nb-x86,24968,446550003,2305,213,52,209533196214836,-432152744,447357666,525,8841719,21554,47,36,52,46,39,43,47,47,33,41,46,0.088082,0.101560,0.086583,0.109742,0.097196,0.109147,0.116309,0.113145,0.108886,0.091131,0.127255,43273456,756572,214981,79412,2483,596,8470849,224650,237835,172676012,846022,102559,198628,1426,749,34370004,287300,278587
26,temporal_mitigation-x86,57392,73958737,4,1,1,209533674819174,478604338,75944941,5666,42598,16227,0,0,1,0,1,0,0,0,1,0,0,0.088082,0.101560,0.086583,0.109742,0.097196,0.109147,0.116309,0.113145,0.108886,0.091131,0.127255,33624,664,319,76,4,12,5105,278,126,1710047,17893,4917,6280,111,0,0,0,0
31,temporal_mitigation-noapi-x86,61688,642527,0,0,0,209533749976648,75157474,9073204,0,0,0,0,0,0,0,0,0,0,0,0,0,0,0.088082,0.101560,0.086583,0.109742,0.097196,0.109147,0.116309,0.113145,0.108886,0.091131,0.127255,0,0,0,0,0,0,0,0,0,1743317,9008,2000,5106,37,0,0,0,0
12,SAR_nb-x86,24968,478485459,2305,447,51,209533315664731,-434311917,494581976,647,2820883,9593,44,47,43,47,49,46,49,51,50,45,46,0.088082,0.101560,0.086583,0.109742,0.097196,0.109147,0.116309,0.113145,0.108886,0.091131,0.127255,46455468,759227,198388,68455,2578,450,9937292,236724,202972,106421986,237562,30222,374667,3583,1276,36855868,148707,160637
16,radar_correlator-noapi-x86,20208,7509327,0,0,0,209533809386041,493721310,15712689,0,0,0,0,0,0,0,0,0,0,0,0,0,0,0.088082,0.101560,0.086583,0.109742,0.097196,0.109147,0.116309,0.113145,0.108886,0.091131,0.127255,0,0,0,0,0,0,0,0,0,1110851,9482,3063,3007,59,0,0,0,0
10,SAR-noapi-x86,20640,181913687,0,0,0,209533686330900,-123055141,190341392,0,0,0,0,0,0,0,0,0,0,0,0,0,0,0.088082,0.101560,0.086583,0.109742,0.097196,0.109147,0.116309,0.113145,0.108886,0.091131,0.127255,0,0,0,0,0,0,0,0,0,162513847,759752,477218,235121,4945,344,39792799,114862,178109
18,wifi-tx-nb-x86,67888,412213983,100,10,2,209533466860576,-219470324,426525512,1772,332338,19782,2,1,2,2,2,1,2,1,2,2,1,0.088082,0.101560,0.086583,0.109742,0.097196,0.109147,0.116309,0.113145,0.108886,0.091131,0.127255,959856,29630,6452,4233,231,58,182118,6610,11477,7103391,126813,45682,38436,845,0,0,0,0
32,temporal_mitigation-noapi-x86,61688,718693,0,0,0,209533888634121,421773545,9109076,0,0,0,0,0,0,0,0,0,0,0,0,0,0,0.088082,0.101560,0.086583,0.109742,0.097196,0.109147,0.116309,0.113145,0.108886,0.091131,0.127255,0,0,0,0,0,0,0,0,0,1748577,8981,3193,4503,68,0,0,0,0
27,temporal_mitigation-x86,57392,37431162,4,1,1,209533871266439,-17367682,40494021,4772,9581,7020,0,0,0,1,0,0,0,1,0,0,0,0.088082,0.101560,0.086583,0.109742,0.097196,0.109147,0.116309,0.113145,0.108886,0.091131,0.127255,33624,675,296,163,7,0,8369,0,176,1705616,17153,4586,5166,153,0,0,0,0
19,wifi-tx-nb-x86,67888,423213399,100,10,2,209533656737329,-214529110,423506039,1857,333834,25271,1,1,1,1,1,2,1,1,1,1,1,0.088082,0.101560,0.086583,0.109742,0.097196,0.109147,0.116309,0.113145,0.108886,0.091131,0.127255,1091478,26967,4025,3528,203,57,216164,6837,10061,947114,22664,33777,32489,245,131,0,0,0
20,wifi-tx-nb-x86,67888,369683223,100,10,2,209533842662131,185924802,378035898,2531,348333,14393,1,1,2,1,2,2,1,1,1,1,2,0.088082,0.101560,0.086583,0.109742,0.097196,0.109147,0.116309,0.113145,0.108886,0.091131,0.127255,1110127,25510,5106,4205,261,35,193586,7234,12090,4357422,101008,44738,35154,548,0,0,0,0
0,pulse_doppler-nb-x86,20528,1571942319,512,3,12,209533142749633,-699912498,1580335086,2345,550282,16960,7,6,10,6,7,12,8,12,7,12,8,0.088082,0.101560,0.086583,0.109742,0.097196,0.109147,0.116309,0.113145,0.108886,0.091131,0.127255,4807658,176474,28837,27935,1950,575,685491,28816,49836,13489112,710923,173028,89243,4462,0,0,0,0
1,pulse_doppler-nb-x86,20528,2298673994,512,2,12,209533244528689,101779056,2308735727,1988,401270,15675,7,7,7,7,11,11,7,7,7,7,12,0.088082,0.101560,0.086583,0.109742,0.097196,0.109147,0.116309,0.113145,0.108886,0.091131,0.127255,4801219,144733,21597,22230,1281,459,897056,31151,60014,565006,125645,174871,82974,6937,2566,2036192,0,0
2,pulse_doppler-nb-x86,20528,2589918755,512,11,12,209533352400378,107871689,2590337007,2211,367218,17913,6,11,6,6,12,6,6,5,5,5,5,0.088082,0.101560,0.086583,0.109742,0.097196,0.109147,0.116309,0.113145,0.108886,0.091131,0.127255,5045094,148242,24015,21570,1056,621,1058253,32523,60047,23416338,680423,167170,92173,3802,0,0,0,0
6,track_nb-x86,291568,3244461468,24580,1024,102,209533503703346,151302968,3250349053,13345,16108022,39473,102,94,100,95,96,102,97,96,96,102,99,0.088082,0.101560,0.086583,0.109742,0.097196,0.109147,0.116309,0.113145,0.108886,0.091131,0.127255,2319181599,17787635,5062809,1050705,48800,5958,407603402,7360900,3270135,2879062251,70636332,16646168,3131402,55270,1769,916773015,21446562,769047
3,track_nb-x86,291568,3615597992,24580,1019,99,209533156757208,-346946138,3618345755,13269,20454669,53843,94,94,98,96,97,97,98,95,95,99,94,0.088082,0.101560,0.086583,0.109742,0.097196,0.109147,0.116309,0.113145,0.108886,0.091131,0.127255,2257413101,17252239,4742480,1120704,60959,7227,435154003,7308702,3426109,2745509037,65311073,14000595,3733117,59147,1475,930831297,18454023,1080927
4,track_nb-x86,291568,3574088062,24580,978,101,209533272429435,115672227,3582596505,12586,18739230,39459,97,96,93,98,94,94,100,95,97,94,101,0.088082,0.101560,0.086583,0.109742,0.097196,0.109147,0.116309,0.113145,0.108886,0.091131,0.127255,2522907706,16638336,4262401,1024128,53581,5494,456784029,7449077,3820945,2779796925,66886878,14702641,3515603,56967,1559,854855605,19555010,1074198
5,track_nb-x86,291568,3551151109,24580,1024,106,209533404986118,132556683,3559619804,13446,20116784,41232,94,106,93,93,94,99,94,93,98,94,96,0.088082,0.101560,0.086583,0.109742,0.097196,0.109147,0.116309,0.113145,0.108886,0.091131,0.127255,2390599296,16430931,4461995,991168,55715,6458,440598391,8104515,3226862,2700518571,65695066,14526973,3717380,57861,2019,926840854,21738463,1427277
0,temporal_mitigation-x86,57392,7893853,4,1,1,209538342148515,0,16790061,5813,9885,7343,1,1,1,1,0,0,0,0,0,0,0,0.130423,0.099436,0.093690,0.114935,0.107319,0.100387,0.118787,0.100343,0.094482,0.136979,0.099028,47876,1786,137,212,12,0,0,0,0,1731402,19878,6536,5471,185,0,0,0,0
12,radar_correlator-noapi-x86,20208,465120,0,0,0,209538416953363,74804848,8684397,0,0,0,0,0,0,0,0,0,0,0,0,0,0,0.130423,0.099436,0.093690,0.114935,0.107319,0.100387,0.118787,0.100343,0.094482,0.136979,0.099028,0,0,0,0,0,0,0,0,0,1089535,11262,1932,3064,101,0,0,0,0
8,temporal_mitigation-noapi-x86,61688,659253,0,0,0,209538440735603,23782240,6754431,0,0,0,0,0,0,0,0,0,0,0,0,0,0,0.130423,0.099436,0.093690,0.114935,0.107319,0.100387,0.118787,0.100343,0.094482,0.136979,0.099028,0,0,0,0,0,0,0,0,0,1749902,9869,2566,5202,79,0,0,0,0
26,wifi-tx-nb-x86,67888,31843324,100,10,2,209538448594798,7859195,38602229,2919,364024,14404,1,2,1,1,1,1,1,1,1,1,1,0.130423,0.099436,0.093690,0.114935,0.107319,0.100387,0.118787,0.100343,0.094482,0.136979,0.099028,1412421,33711,2008,3056,164,197,197096,10113,15999,3104141,85222,15349,26404,204,0,0,0,0
1,temporal_mitigation-x86,57392,6075491,4,1,1,209538475249806,26655008,15309016,4945,6467,5633,1,0,1,0,0,1,0,0,0,1,0,0.130423,0.099436,0.093690,0.114935,0.107319,0.100387,0.118787,0.100343,0.094482,0.136979,0.099028,46061,937,42,70,1,4,5086,331,545,1706935,13542,1793,5383,28,0,0,0,0
21,radar_correlator-x86,20136,6742376,3,1,1,209538475249806,0,15839812,21375,435942,172564,0,1,0,0,0,0,1,0,0,0,0,0.130423,0.099436,0.093690,0.114935,0.107319,0.100387,0.118787,0.100343,0.094482,0.136979,0.099028,156927,1801,107,324,5,21,15717,752,1116,864648,18888,3240,3035,160,0,0,0,0
13,radar_correlator-noapi-x86,20208,560777,0,0,0,209538578130905,102881099,3800218,0,0,0,0,0,0,0,0,0,0,0,0,0,0,0.130423,0.099436,0.093690,0.114935,0.107319,0.100387,0.118787,0.100343,0.094482,0.136979,0.099028,0,0,0,0,0,0,0,0,0,1131185,10433,3603,3712,58,0,0,0,0
16,SAR-noapi-x86,20640,141737534,0,0,0,209538459236475,-118894430,153978128,0,0,0,0,0,0,0,0,0,0,0,0,0,0,0.130423,0.099436,0.093690,0.114935,0.107319,0.100387,0.118787,0.100343,0.094482,0.136979,0.099028,0,0,0,0,0,0,0,0,0,145787967,342650,399658,197027,3156,189,32921787,40360,79057
2,temporal_mitigation-x86,57392,22084952,4,1,1,209538604552266,145315791,24178826,5181,6523,5830,1,0,0,1,1,0,0,0,1,0,0,0.130423,0.099436,0.093690,0.114935,0.107319,0.100387,0.118787,0.100343,0.094482,0.136979,0.099028,45999,741,143,142,4,4,3305,101,170,1708281,18796,3814,4702,101,0,0,0,0
9,temporal_mitigation-noapi-x86,61688,760614,0,0,0,209538636302694,31750428,10223648,0,0,0,0,0,0,0,0,0,0,0,0,0,0,0.130423,0.099436,0.093690,0.114935,0.107319,0.100387,0.118787,0.100343,0.094482,0.136979,0.099028,0,0,0,0,0,0,0,0,0,1742571,9234,1480,2207,49,0,0,0,0
6,SAR_nb-x86,24968,306289178,2305,245,46,209538351922497,-284380197,321048719,599,13938995,32650,31,30,29,29,46,30,34,29,31,45,31,0.130423,0.099436,0.093690,0.114935,0.107319,0.100387,0.118787,0.100343,0.094482,0.136979,0.099028,42267078,603640,177710,68396,2418,1826,9030986,215392,170221,134402709,95043,24314,252571,2039,8991,44809785,446719,77547
17,SAR-noapi-x86,20640,86636204,0,0,0,209538651900221,299977724,94856612,0,0,0,0,0,0,0,0,0,0,0,0,0,0,0.130423,0.099436,0.093690,0.114935,0.107319,0.100387,0.118787,0.100343,0.094482,0.136979,0.099028,0,0,0,0,0,0,0,0,0,203716978,1145642,264650,357360,504,83,45356820,330848,85117
22,radar_correlator-x86,20136,68141667,3,1,1,209538670612599,18712378,76469064,7668,15836,11700,0,0,1,0,0,0,0,0,1,0,1,0.130423,0.099436,0.093690,0.114935,0.107319,0.100387,0.118787,0.100343,0.094482,0.136979,0.099028,84215,838,460,287,8,10,15752,262,0,962372,18928,4077,5173,139,0,0,0,0
14,radar_correlator-noapi-x86,20208,7266580,0,0,0,209538740916125,70303526,12233332,0,0,0,0,0,0,0,0,0,0,0,0,0,0,0.130423,0.099436,0.093690,0.114935,0.107319,0.100387,0.118787,0.100343,0.094482,0.136979,0.099028,0,0,0,0,0,0,0,0,0,1086301,15721,2496,3573,120,0,0,0,0
10,temporal_mitigation-noapi-x86,61688,787250,0,0,0,209538831862936,90946811,9233522,0,0,0,0,0,0,0,0,0,0,0,0,0,0,0.130423,0.099436,0.093690,0.114935,0.107319,0.100387,0.118787,0.100343,0.094482,0.136979,0.099028,0,0,0,0,0,0,0,0,0,252537,11633,3719,4862,60,0,0,0,0
7,SAR_nb-x86,24968,383485549,2305,246,47,209538475249806,-356613130,389779390,640,34791501,34567,47,47,47,47,46,46,46,46,46,47,47,0.130423,0.099436,0.093690,0.114935,0.107319,0.100387,0.118787,0.100343,0.094482,0.136979,0.099028,44189621,631710,193911,66724,2371,2403,8619654,237015,175090,173977840,365423,188763,242417,2499,5028,41465645,120491,100222
23,radar_correlator-x86,20136,23548803,3,1,1,209538867557558,392307752,31792883,17071,27549,21636,0,0,0,0,0,0,1,1,0,0,0,0.130423,0.099436,0.093690,0.114935,0.107319,0.100387,0.118787,0.100343,0.094482,0.136979,0.099028,240530,76,0,499,30,10,16779,327,811,884426,15639,4286,3763,114,0,0,0,0
15,radar_correlator-noapi-x86,20208,6084042,0,0,0,209538900479931,32922373,23469726,0,0,0,0,0,0,0,0,0,0,0,0,0,0,0.130423,0.099436,0.093690,0.114935,0.107319,0.100387,0.118787,0.100343,0.094482,0.136979,0.099028,0,0,0,0,0,0,0,0,0,1082630,13456,2781,1829,86,0,0,0,0
27,wifi-tx-nb-x86,67888,312902983,100,10,2,209538611688646,-288791285,313672049,1895,350439,9835,2,2,2,2,2,1,1,1,1,1,1,0.130423,0.099436,0.093690,0.114935,0.107319,0.100387,0.118787,0.100343,0.094482,0.136979,0.099028,960634,24157,5247,4773,277,169,166904,6749,9739,10565318,107143,43939,47065,506,0,0,0,0
18,SAR-noapi-x86,20640,117565505,0,0,0,209538844557687,232869041,127402245,0,0,0,0,0,0,0,0,0,0,0,0,0,0,0.130423,0.099436,0.093690,0.114935,0.107319,0.100387,0.118787,0.100343,0.094482,0.136979,0.099028,0,0,0,0,0,0,0,0,0,250468500,1215605,401201,98125,1342,574,43072103,124144,54939
11,temporal_mitigation-noapi-x86,61688,752285,0,0,0,209539027425326,182867639,3738733,0,0,0,0,0,0,0,0,0,0,0,0,0,0,0.130423,0.099436,0.093690,0.114935,0.107319,0.100387,0.118787,0.100343,0.094482,0.136979,0.099028,0,0,0,0,0,0,0,0,0,1740326,8591,2327,5322,30,0,0,0,0
24,radar_correlator-x86,20136,27205150,3,1,1,209539064503279,37077953,35502476,15582,19562,17830,1,0,0,0,0,1,1,0,0,0,0,0.130423,0.099436,0.093690,0.114935,0.107319,0.100387,0.118787,0.100343,0.094482,0.136979,0.099028,240583,2050,231,270,12,0,32617,653,333,986566,15819,6330,3109,115,0,0,0,0
3,pulse_doppler-nb-x86,20528,740114908,512,128,12,209538389196798,-675306481,749557988,1945,11525703,35460,12,11,11,11,11,12,12,12,12,12,12,0.130423,0.099436,0.093690,0.114935,0.107319,0.100387,0.118787,0.100343,0.094482,0.136979,0.099028,4785956,154249,16326,20959,1362,1087,800568,25860,37389,17969058,527650,62778,83542,1893,320,0,0,0
19,SAR-noapi-x86,20640,118113506,0,0,0,209539037216271,648019473,130482782,0,0,0,0,0,0,0,0,0,0,0,0,0,0,0.130423,0.099436,0.093690,0.114935,0.107319,0.100387,0.118787,0.100343,0.094482,0.136979,0.099028,0,0,0,0,0,0,0,0,0,192744728,1244521,385341,234210,891,101,41329072,440277,183914
28,wifi-tx-nb-x86,67888,437790365,100,10,2,209538774792167,-262424104,446065295,2853,372399,19259,1,2,1,1,1,2,1,2,1,2,1,0.130423,0.099436,0.093690,0.114935,0.107319,0.100387,0.118787,0.100343,0.094482,0.136979,0.099028,1072763,25170,5592,3362,166,87,185773,6800,9843,8700477,77676,35904,46464,411,140,0,0,0
25,radar_correlator-x86,20136,13024225,3,1,1,209539261449333,486657166,13404064,14838,20237,17657,0,0,1,1,1,0,0,0,0,0,0,0.130423,0.099436,0.093690,0.114935,0.107319,0.100387,0.118787,0.100343,0.094482,0.136979,0.099028,157347,2432,18,9,14,4,22,1135,911,906913,17189,5739,1645,138,0,0,0,0
29,wifi-tx-nb-x86,67888,476013223,100,5,2,209538937893249,-323556084,478999712,2991,339429,27780,1,1,1,2,2,1,2,1,1,1,1,0.130423,0.099436,0.093690,0.114935,0.107319,0.100387,0.118787,0.100343,0.094482,0.136979,0.099028,1148165,29390,5897,3767,253,144,178305,7551,11989,12226170,94654,46682,32513,507,0,0,0,0
20,SAR-noapi-x86,20640,201259258,0,0,0,209539229875425,291982176,211117064,0,0,0,0,0,0,0,0,0,0,0,0,0,0,0.130423,0.099436,0.093690,0.114935,0.107319,0.100387,0.118787,0.100343,0.094482,0.136979,0.099028,0,0,0,0,0,0,0,0,0,181223656,605451,409421,249681,2169,486,42987857,75030,84055
30,wifi-tx-nb-x86,67888,452142555,100,10,2,209539100995906,-128879519,460414429,2428,349950,16552,1,1,1,2,1,1,1,1,1,1,2,0.130423,0.099436,0.093690,0.114935,0.107319,0.100387,0.118787,0.100343,0.094482,0.136979,0.099028,1260918,22665,3754,4210,280,212,185756,7607,11386,8120579,90472,37363,34833,334,0,0,0,0
4,pulse_doppler-nb-x86,20528,2372762240,512,12,13,209538558693242,-542302664,2383156238,1701,128757,15561,5,5,7,9,12,13,7,12,6,10,6,0.130423,0.099436,0.093690,0.114935,0.107319,0.100387,0.118787,0.100343,0.094482,0.136979,0.099028,5227357,161544,22426,19013,1078,1317,767578,33764,62030,23699866,764496,182856,95426,5519,0,0,0,0
5,pulse_doppler-nb-x86,20528,2251046866,512,7,12,209538740916125,182222883,2256727510,2515,294676,19350,9,8,9,9,12,12,11,12,12,9,8,0.130423,0.099436,0.093690,0.114935,0.107319,0.100387,0.118787,0.100343,0.094482,0.136979,0.099028,5262830,138570,18708,17118,942,1226,946503,38925,51555,571670,399313,113391,95768,3618,1925,2784459,0,0
31,track_nb-x86,291568,3307282081,24580,1024,99,209538401502381,-339413744,3315516329,13362,25007664,40607,98,96,93,98,93,96,94,96,95,99,96,0.130423,0.099436,0.093690,0.114935,0.107319,0.100387,0.118787,0.100343,0.094482,0.136979,0.099028,2203105506,16387153,5161590,1069236,52025,34934,405002764,7352704,3239342,2814945889,66875476,16377671,3402762,57570,42886,854950394,20249909,769834
34,track_nb-x86,291568,3270134609,24580,972,99,209538740916125,339413744,3275218623,13063,16218192,43927,97,94,94,94,98,95,97,94,95,99,94,0.130423,0.099436,0.093690,0.114935,0.107319,0.100387,0.118787,0.100343,0.094482,0.136979,0.099028,2320546510,16330265,5236097,1031723,61847,33514,420017018,7496781,3274020,2738128373,68006399,16967709,3973109,64675,39781,894344466,19363230,1215329
32,track_nb-x86,291568,3498287681,24580,1012,102,209538507462319,-233453806,3512142741,13394,15893149,42940,94,93,94,102,101,99,99,93,96,96,95,0.130423,0.099436,0.093690,0.114935,0.107319,0.100387,0.118787,0.100343,0.094482,0.136979,0.099028,2390739634,16506515,4451273,1016856,59756,33167,416505505,8359110,3092802,2776028069,66166569,14824889,3619137,61865,46193,914801218,20977447,1200101
33,track_nb-x86,291568,3447396063,24580,1024,98,209538614680152,107217833,3447600436,13779,25511643,44914,96,96,98,94,94,95,93,93,93,96,93,0.130423,0.099436,0.093690,0.114935,0.107319,0.100387,0.118787,0.100343,0.094482,0.136979,0.099028,2426114757,16853785,5169744,1046701,44505,34638,400721245,7905261,3555429,2740050827,62795233,13777918,3905486,51113,40114,930843769,19932465,1474088
4,radar_correlator-x86,20136,11518400,3,1,1,209543487285014,0,19720638,65664,214129,116373,1,1,1,0,0,0,0,0,0,0,0,0.102526,0.110520,0.102979,0.114099,0.099127,0.088137,0.107741,0.118137,0.108989,0.132600,0.114817,249853,6423,1633,1210,87,0,0,0,0,867827,18138,6230,3053,166,0,0,0,0
8,radar_correlator-noapi-x86,20208,547078,0,0,0,209543531816438,44531424,8538932,0,0,0,0,0,0,0,0,0,0,0,0,0,0,0.102526,0.110520,0.102979,0.114099,0.099127,0.088137,0.107741,0.118137,0.108989,0.132600,0.114817,0,0,0,0,0,0,0,0,0,1192543,13972,3214,3984,121,0,0,0,0
15,temporal_mitigation-x86,57392,3760636,4,1,1,209543540420292,8603854,7910850,4842,7468,6575,0,0,0,1,1,0,1,0,0,0,0,0.102526,0.110520,0.102979,0.114099,0.099127,0.088137,0.107741,0.118137,0.108989,0.132600,0.114817,47876,1420,72,194,9,0,0,0,0,1732696,17796,2666,5299,136,0,0,0,0
26,temporal_mitigation-noapi-x86,61688,1814762,0,0,0,209543582082504,41662212,11104489,0,0,0,0,0,0,0,0,0,0,0,0,0,0,0.102526,0.110520,0.102979,0.114099,0.099127,0.088137,0.107741,0.118137,0.108989,0.132600,0.114817,0,0,0,0,0,0,0,0,0,1748703,9944,1234,4932,77,0,0,0,0
21,wifi-tx-nb-x86,67888,11291307,100,9,1,209543576614020,-5468484,19654684,2906,53637,5511,1,1,1,1,1,1,1,1,1,1,1,0.102526,0.110520,0.102979,0.114099,0.099127,0.088137,0.107741,0.118137,0.108989,0.132600,0.114817,603330,39814,1444,7976,285,26,24,0,0,1104573,92298,2605,25552,219,0,0,0,0
5,radar_correlator-x86,20136,19723779,3,1,1,209543606755015,30140995,27892176,709504,14004510,6246583,0,0,0,1,1,0,0,1,0,0,0,0.102526,0.110520,0.102979,0.114099,0.099127,0.088137,0.107741,0.118137,0.108989,0.132600,0.114817,85824,2725,89,308,18,13,32645,869,1104,877658,13994,3029,1385,32,0,0,0,0
9,radar_correlator-noapi-x86,20208,2258771,0,0,0,209543688603390,81848375,10486133,0,0,0,0,0,0,0,0,0,0,0,0,0,0,0.102526,0.110520,0.102979,0.114099,0.099127,0.088137,0.107741,0.118137,0.108989,0.132600,0.114817,0,0,0,0,0,0,0,0,0,1118651,10129,1771,2907,23,0,0,0,0
16,temporal_mitigation-x86,57392,2444144,4,1,1,209543692409093,3805703,7235694,5606,57073,19773,0,1,1,1,1,0,0,0,0,0,0,0.102526,0.110520,0.102979,0.114099,0.099127,0.088137,0.107741,0.118137,0.108989,0.132600,0.114817,28190,1374,43,44,3,3,6048,446,560,1706806,12340,1442,4997,75,0,0,0,0
6,radar_correlator-x86,20136,1227902,3,1,1,209543726234546,33825453,9591626,17112,19685,18424,0,1,1,1,0,0,0,0,0,0,0,0.102526,0.110520,0.102979,0.114099,0.099127,0.088137,0.107741,0.118137,0.108989,0.132600,0.114817,83992,3695,362,733,27,0,0,0,0,883890,13550,3618,3043,57,0,0,0,0
10,SAR_nb-x86,24968,245046701,2305,94,47,209543486040634,-240193912,253490167,632,14640922,38551,45,25,33,32,25,34,25,42,29,27,47,0.102526,0.110520,0.102979,0.114099,0.099127,0.088137,0.107741,0.118137,0.108989,0.132600,0.114817,46321495,683307,152347,66118,2583,630,9817804,266265,226696,145067977,423989,160009,335364,2347,307,43161980,151878,116684
27,temporal_mitigation-noapi-x86,61688,2535540,0,0,0,209543732557774,246517140,10931168,0,0,0,0,0,0,0,0,0,0,0,0,0,0,0.102526,0.110520,0.102979,0.114099,0.099127,0.088137,0.107741,0.118137,0.108989,0.132600,0.114817,0,0,0,0,0,0,0,0,0,1741153,9179,1977,1360,81,0,0,0,0
18,SAR-noapi-x86,20640,214997961,0,0,0,209543575095317,-157462457,223283204,0,0,0,0,0,0,0,0,0,0,0,0,0,0,0.102526,0.110520,0.102979,0.114099,0.099127,0.088137,0.107741,0.118137,0.108989,0.132600,0.114817,0,0,0,0,0,0,0,0,0,245209240,1220865,314842,356855,1094,246,31540712,342511,177040
19,SAR-noapi-x86,20640,62951014,0,0,0,209543752888448,177793131,71151908,0,0,0,0,0,0,0,0,0,0,0,0,0,0,0.102526,0.110520,0.102979,0.114099,0.099127,0.088137,0.107741,0.118137,0.108989,0.132600,0.114817,0,0,0,0,0,0,0,0,0,242522572,1032887,372081,416454,1007,58,37960533,14905,21398
17,temporal_mitigation-x86,57392,17788662,4,1,1,209543844397316,91508868,26094224,6137,10410,7763,0,1,0,0,0,0,1,0,1,0,0,0.102526,0.110520,0.102979,0.114099,0.099127,0.088137,0.107741,0.118137,0.108989,0.132600,0.114817,15864,426,14,107,9,4,5108,194,128,1713918,17777,4703,5927,106,0,0,0,0
7,radar_correlator-x86,20136,32968218,3,1,1,209543845713750,1316434,38420254,17823,116361,50748,0,0,0,0,0,1,0,0,0,1,0,0.102526,0.110520,0.102979,0.114099,0.099127,0.088137,0.107741,0.118137,0.108989,0.132600,0.114817,1240,10,295,325,6,2,32525,0,0,961997,16941,4532,3910,122,0,0,0,0
28,temporal_mitigation-noapi-x86,61688,672095,0,0,0,209543883029642,37315892,8889565,0,0,0,0,0,0,0,0,0,0,0,0,0,0,0.102526,0.110520,0.102979,0.114099,0.099127,0.088137,0.107741,0.118137,0.108989,0.132600,0.114817,0,0,0,0,0,0,0,0,0,1740332,8537,2776,5926,49,0,0,0,0
29,temporal_mitigation-noapi-x86,61688,663677,0,0,0,209544033502586,150472944,9199240,0,0,0,0,0,0,0,0,0,0,0,0,0,0,0.102526,0.110520,0.102979,0.114099,0.099127,0.088137,0.107741,0.118137,0.108989,0.132600,0.114817,0,0,0,0,0,0,0,0,0,1744967,7900,2612,4637,69,0,0,0,0
11,SAR_nb-x86,24968,486177324,2305,360,49,209543588731403,-444771183,494396105,571,10179649,18960,45,49,48,46,48,47,49,47,45,46,46,0.102526,0.110520,0.102979,0.114099,0.099127,0.088137,0.107741,0.118137,0.108989,0.132600,0.114817,51298316,708953,207793,70181,2481,405,8153376,261629,210293,148709424,1089066,75319,159817,70,75,43879253,354831,239839
22,wifi-tx-nb-x86,67888,344758101,100,10,1,209543748258992,159527589,346621802,2844,318216,20347,1,1,1,1,1,1,1,1,1,1,1,0.102526,0.110520,0.102979,0.114099,0.099127,0.088137,0.107741,0.118137,0.108989,0.132600,0.114817,1054174,21583,4966,5212,334,73,212275,7535,10249,6132105,90438,32763,62175,254,0,0,0,0
12,SAR_nb-x86,24968,440272428,2305,512,49,209543691420221,-56838771,447318374,494,13762786,24793,47,44,48,48,46,49,44,48,48,49,47,0.102526,0.110520,0.102979,0.114099,0.099127,0.088137,0.107741,0.118137,0.108989,0.132600,0.114817,61866285,678219,157969,47576,2342,260,11892015,356341,270582,197823199,1068862,236363,371083,381,70,35824973,44343,233672
20,SAR-noapi-x86,20640,212897953,0,0,0,209543939615434,248195213,221457392,0,0,0,0,0,0,0,0,0,0,0,0,0,0,0.102526,0.110520,0.102979,0.114099,0.099127,0.088137,0.107741,0.118137,0.108989,0.132600,0.114817,0,0,0,0,0,0,0,0,0,205762129,699067,380804,314187,1929,429,33778224,286046,120000
30,temporal_mitigation-noapi-x86,61688,1314743,0,0,0,209544183974565,244359131,9597554,0,0,0,0,0,0,0,0,0,0,0,0,0,0,0.102526,0.110520,0.102979,0.114099,0.099127,0.088137,0.107741,0.118137,0.108989,0.132600,0.114817,0,0,0,0,0,0,0,0,0,601501,9167,3196,2656,69,0,0,0,0
13,SAR_nb-x86,24968,641484938,2305,512,51,209543798431018,-385543547,641657510,828,5186392,10458,46,47,46,46,51,43,47,48,49,46,46,0.102526,0.110520,0.102979,0.114099,0.099127,0.088137,0.107741,0.118137,0.108989,0.132600,0.114817,58009038,738885,189176,59079,2098,348,10374442,316555,180470,186308320,282886,58869,372231,1798,435,39091244,229151,136334
14,SAR_nb-x86,24968,564161424,2305,200,50,209543896797360,98366342,572383926,813,4653667,9821,47,50,37,49,48,42,45,49,43,48,43,0.102526,0.110520,0.102979,0.114099,0.099127,0.088137,0.107741,0.118137,0.108989,0.132600,0.114817,46022506,676617,211639,52806,1702,309,10147079,287664,244646,172071827,571502,241308,422428,1249,258,40040273,30411,174436
23,wifi-tx-nb-x86,67888,624800864,100,10,2,209543920338832,23541472,626008994,2276,343190,19872,2,1,1,1,1,1,1,1,1,1,1,0.102526,0.110520,0.102979,0.114099,0.099127,0.088137,0.107741,0.118137,0.108989,0.132600,0.114817,1090454,34433,6704,4090,245,76,197126,7049,14091,12224271,104202,39555,51156,584,0,0,0,0
24,pulse_doppler-nb-x86,20528,1132275675,512,5,11,209543582513167,-337825665,1140512145,1994,1014607,16510,6,11,7,8,7,7,8,6,11,6,6,0.102526,0.110520,0.102979,0.114099,0.099127,0.088137,0.107741,0.118137,0.108989,0.132600,0.114817,5053738,183844,12389,22636,1041,429,825127,37631,56004,19800842,692348,93046,88072,2796,0,0,0,0
25,pulse_doppler-nb-x86,20528,2394778378,512,8,12,209543737350958,154837791,2405381387,1998,1142935,18539,12,1,1,1,1,1,10,3,12,1,4,0.102526,0.110520,0.102979,0.114099,0.099127,0.088137,0.107741,0.118137,0.108989,0.132600,0.114817,4803831,142406,27243,19624,1395,676,1007451,44087,58095,7994177,376099,168406,89332,3969,1225,0,0,0
1,track_nb-x86,291568,3274255101,24580,1024,98,209543736592750,-758208,3299342420,13833,18151988,49439,94,94,94,98,93,97,93,98,95,96,95,0.102526,0.110520,0.102979,0.114099,0.099127,0.088137,0.107741,0.118137,0.108989,0.132600,0.114817,2277957238,16266642,4293816,1076412,60007,6287,461390186,6959603,3531127,2873062964,66177126,15143658,3451181,55901,938,898521620,21291426,1362885
0,track_nb-x86,291568,3626788677,24580,1024,101,209543548579477,-188013273,3636054453,12963,19168798,55614,94,97,94,94,93,93,96,101,96,97,94,0.102526,0.110520,0.102979,0.114099,0.099127,0.088137,0.107741,0.118137,0.108989,0.132600,0.114817,2203275408,19332452,5335703,1137200,54046,5957,441792636,7048560,3442442,2791269133,64914146,14970684,3581037,61270,2725,963835781,22811683,1244495
2,track_nb-x86,291568,3240796903,24580,1024,101,209543939615434,391035957,3249145295,13380,18065475,35656,95,93,93,94,89,94,95,96,101,97,93,0.102526,0.110520,0.102979,0.114099,0.099127,0.088137,0.107741,0.118137,0.108989,0.132600,0.114817,2408607614,16663234,4845277,1082853,50475,6364,427388695,9046743,3800195,2804286755,62373250,14442842,3624834,59063,986,922442942,22233832,1403423
3,track_nb-x86,291568,3187636503,24580,1023,98,209544113189248,173573814,3196019500,13626,14091753,34146,98,93,92,93,93,92,95,95,96,98,94,0.102526,0.110520,0.102979,0.114099,0.099127,0.088137,0.107741,0.118137,0.108989,0.132600,0.114817,2427269478,16627849,5196132,1027840,52576,5163,409554470,7981537,3559804,2885309760,65380068,14904930,3734417,56811,1056,946756279,21406567,1222868
5,temporal_mitigation-noapi-x86,61688,5609334,0,0,0,209548652037406,0,14569966,0,0,0,0,0,0,0,0,0,0,0,0,0,0,0.088272,0.067631,0.069777,0.076942,0.063297,0.080261,0.073609,0.078613,0.063248,0.077466,0.077442,0,0,0,0,0,0,0,0,0,1757807,12681,5035,5293,118,0,0,0,0
13,radar_correlator-noapi-x86,20208,448328,0,0,0,209548710258133,58220727,8858659,0,0,0,0,0,0,0,0,0,0,0,0,0,0,0.088272,0.067631,0.069777,0.076942,0.063297,0.080261,0.073609,0.078613,0.063248,0.077466,0.077442,0,0,0,0,0,0,0,0,0,1202400,13903,4352,3887,103,0,0,0,0
19,temporal_mitigation-x86,57392,1884839,4,1,1,209548709153763,-1104370,10597077,5436,9325,7234,1,1,1,0,0,0,0,0,0,0,1,0.088272,0.067631,0.069777,0.076942,0.063297,0.080261,0.073609,0.078613,0.063248,0.077466,0.077442,13739,1937,47,181,17,0,0,0,0,1723106,17192,3356,2664,183,0,0,0,0
16,radar_correlator-x86,20136,2261065,3,1,1,209548728810184,19656421,9260890,25409,28310,26597,1,0,0,0,0,0,0,0,0,1,1,0.088272,0.067631,0.069777,0.076942,0.063297,0.080261,0.073609,0.078613,0.063248,0.077466,0.077442,1302,42,43,613,13,16,32492,294,0,863004,16188,1953,3202,142,0,0,0,0
6,temporal_mitigation-noapi-x86,61688,673740,0,0,0,209548783334759,54524575,12756252,0,0,0,0,0,0,0,0,0,0,0,0,0,0,0.088272,0.067631,0.069777,0.076942,0.063297,0.080261,0.073609,0.078613,0.063248,0.077466,0.077442,0,0,0,0,0,0,0,0,0,1737828,6844,1554,4741,19,0,0,0,0
25,wifi-tx-nb-x86,67888,136563184,100,10,1,209548682943861,-100390898,147201714,3047,501601,20628,1,1,1,1,1,1,1,1,1,1,1,0.088272,0.067631,0.069777,0.076942,0.063297,0.080261,0.073609,0.078613,0.063248,0.077466,0.077442,521287,37326,4567,11193,893,291,102260,1622,1763,12249918,90050,23622,33254,349,0,0,0,0
0,SAR-noapi-x86,20640,203669822,0,0,0,209548616869590,-66074271,213406631,0,0,0,0,0,0,0,0,0,0,0,0,0,0,0.088272,0.067631,0.069777,0.076942,0.063297,0.080261,0.073609,0.078613,0.063248,0.077466,0.077442,0,0,0,0,0,0,0,0,0,199364216,886465,197820,156790,1625,1333,48714963,324962,93671
14,radar_correlator-noapi-x86,20208,23574356,0,0,0,209548880434664,263565074,24123270,0,0,0,0,0,0,0,0,0,0,0,0,0,0,0.088272,0.067631,0.069777,0.076942,0.063297,0.080261,0.073609,0.078613,0.063248,0.077466,0.077442,0,0,0,0,0,0,0,0,0,1082905,10333,1912,3055,66,0,0,0,0
1,SAR-noapi-x86,20640,235929582,0,0,0,209548720431968,-160002696,253863446,0,0,0,0,0,0,0,0,0,0,0,0,0,0,0.088272,0.067631,0.069777,0.076942,0.063297,0.080261,0.073609,0.078613,0.063248,0.077466,0.077442,0,0,0,0,0,0,0,0,0,210801489,927347,95217,261568,888,1337,53026159,450107,123814
20,temporal_mitigation-x86,57392,100921273,4,1,1,209548880434664,160002696,101198827,4099,289046,76745,0,0,0,0,0,0,1,0,1,0,1,0.088272,0.067631,0.069777,0.076942,0.063297,0.080261,0.073609,0.078613,0.063248,0.077466,0.077442,1612,63,352,139,16,16,3726,0,0,1706881,21743,4038,2459,133,0,0,0,0
17,radar_correlator-x86,20136,41272662,3,1,1,209548943143649,62708985,46075635,15809,18401,16939,0,0,0,0,0,0,1,0,0,1,1,0.088272,0.067631,0.069777,0.076942,0.063297,0.080261,0.073609,0.078613,0.063248,0.077466,0.077442,1302,41,155,200,28,22,32484,361,0,891588,14100,4927,3097,78,0,0,0,0
2,SAR-noapi-x86,20640,175878064,0,0,0,209548823994694,-119148955,184165065,0,0,0,0,0,0,0,0,0,0,0,0,0,0,0.088272,0.067631,0.069777,0.076942,0.063297,0.080261,0.073609,0.078613,0.063248,0.077466,0.077442,0,0,0,0,0,0,0,0,0,252541549,964195,154305,248425,73,1913,51434570,485912,203013
21,temporal_mitigation-x86,57392,8025666,4,1,1,209549004189488,180194794,8579008,2744,8858,4948,0,1,1,1,0,0,0,0,1,0,0,0.088272,0.067631,0.069777,0.076942,0.063297,0.080261,0.073609,0.078613,0.063248,0.077466,0.077442,46061,1226,50,126,3,6,417,217,400,1711407,16022,2042,2196,113,0,0,0,0
15,radar_correlator-noapi-x86,20208,2556488,0,0,0,209549039350373,35160885,10984305,0,0,0,0,0,0,0,0,0,0,0,0,0,0,0.088272,0.067631,0.069777,0.076942,0.063297,0.080261,0.073609,0.078613,0.063248,0.077466,0.077442,0,0,0,0,0,0,0,0,0,1189662,14485,2182,2304,49,0,0,0,0
26,wifi-tx-nb-x86,67888,284233055,100,10,2,209548785684050,-253666323,301609385,2183,360702,18145,2,2,1,1,1,1,1,1,1,1,1,0.088272,0.067631,0.069777,0.076942,0.063297,0.080261,0.073609,0.078613,0.063248,0.077466,0.077442,1017486,30502,5307,4805,409,198,174436,7737,12506,12200014,79773,30815,34838,299,0,0,0,0
7,SAR_nb-x86,24968,448654753,2305,256,53,209548638073279,-147610771,467856876,535,27858522,77447,48,46,31,53,50,46,45,45,27,46,45,0.088272,0.067631,0.069777,0.076942,0.063297,0.080261,0.073609,0.078613,0.063248,0.077466,0.077442,42303918,621399,181617,71874,3152,2088,9666469,267444,212633,138922298,122647,28979,148747,2482,1783,43937076,334866,73538
3,SAR-noapi-x86,20640,176262854,0,0,0,209548943143649,305070370,179882938,0,0,0,0,0,0,0,0,0,0,0,0,0,0,0.088272,0.067631,0.069777,0.076942,0.063297,0.080261,0.073609,0.078613,0.063248,0.077466,0.077442,0,0,0,0,0,0,0,0,0,224639311,1159215,119371,579967,884,1137,46458746,552527,299131
18,radar_correlator-x86,20136,37422137,3,1,1,209549083803053,140659404,45594486,16152,63755,33767,0,0,0,0,1,1,0,0,1,0,0,0.088272,0.067631,0.069777,0.076942,0.063297,0.080261,0.073609,0.078613,0.063248,0.077466,0.077442,930,2320,737,224,15,0,15749,0,392,907321,14671,6369,6873,127,0,0,0,0
22,temporal_mitigation-x86,57392,62010103,4,1,1,209549151356934,67553881,70531996,6466,36708,14936,0,0,0,1,0,0,1,1,0,1,0,0.088272,0.067631,0.069777,0.076942,0.063297,0.080261,0.073609,0.078613,0.063248,0.077466,0.077442,33438,810,101,148,8,6,0,128,398,1714717,14944,4829,5378,77,0,0,0,0
8,SAR_nb-x86,24968,521218447,2305,339,51,209548744673416,-406683518,529523342,910,10948611,20327,46,48,49,49,47,48,47,51,49,48,49,0.088272,0.067631,0.069777,0.076942,0.063297,0.080261,0.073609,0.078613,0.063248,0.077466,0.077442,50490849,709646,194757,68172,1923,1467,10485092,267208,232092,162577467,445655,196389,288158,2253,2153,39462686,103980,174256
4,SAR-noapi-x86,20640,274019726,0,0,0,209549031116853,286443437,282768559,0,0,0,0,0,0,0,0,0,0,0,0,0,0,0.088272,0.067631,0.069777,0.076942,0.063297,0.080261,0.073609,0.078613,0.063248,0.077466,0.077442,0,0,0,0,0,0,0,0,0,199670528,1241166,271370,411501,759,2220,35118403,514737,305483
27,wifi-tx-nb-x86,67888,410942715,100,10,2,209548904618152,-126498701,411134156,2237,328842,15735,1,2,2,2,2,1,2,2,1,1,2,0.088272,0.067631,0.069777,0.076942,0.063297,0.080261,0.073609,0.078613,0.063248,0.077466,0.077442,1091174,24593,6142,3672,217,130,151719,7507,11143,12210513,92616,32117,40241,328,0,0,0,0
9,SAR_nb-x86,24968,462191959,2305,56,50,209548880434664,-24183488,462458991,748,18563710,23547,41,48,48,49,47,43,50,47,49,49,48,0.088272,0.067631,0.069777,0.076942,0.063297,0.080261,0.073609,0.078613,0.063248,0.077466,0.077442,48565524,643578,234707,66238,2605,1873,6887785,246979,249075,169728676,631166,203775,461488,1669,1929,43562177,37256,202564
28,wifi-tx-nb-x86,67888,356297423,100,10,2,209548991148668,110714004,356734570,2511,543250,18048,2,2,1,2,2,1,1,1,2,1,2,0.088272,0.067631,0.069777,0.076942,0.063297,0.080261,0.073609,0.078613,0.063248,0.077466,0.077442,902508,28658,4558,4106,216,107,170492,7366,12256,828811,96829,34773,41832,401,0,0,0,0
29,wifi-tx-nb-x86,67888,344927726,100,3,2,209549094052661,102903993,345265186,2744,379052,17868,1,1,2,2,2,2,1,1,1,2,1,0.088272,0.067631,0.069777,0.076942,0.063297,0.080261,0.073609,0.078613,0.063248,0.077466,0.077442,1014777,26152,5481,3500,178,80,185774,6634,9657,12210324,97555,34692,39520,381,0,0,0,0
24,pulse_doppler-nb-x86,20528,1413204520,512,8,14,209548943143649,-150909012,1430641210,2089,649693,16218,11,13,9,12,14,13,11,13,9,12,11,0.088272,0.067631,0.069777,0.076942,0.063297,0.080261,0.073609,0.078613,0.063248,0.077466,0.077442,5171299,144383,20384,20397,904,744,976768,37272,54694,2296852,621602,179093,89320,4862,293,0,0,0
23,pulse_doppler-nb-x86,20528,1756877654,512,24,12,209548745600694,-197542955,1765275966,2245,136182,15004,7,11,11,6,7,11,8,7,7,11,12,0.088272,0.067631,0.069777,0.076942,0.063297,0.080261,0.073609,0.078613,0.063248,0.077466,0.077442,4618516,146549,24037,18892,882,856,1056981,43370,49283,10713898,390088,114866,89240,3143,839,2058765,0,0
10,track_nb-x86,291568,3107876515,24580,1024,102,209548678077513,-67523181,3116648515,13698,19230258,40952,93,94,93,94,94,102,93,96,93,96,95,0.088272,0.067631,0.069777,0.076942,0.063297,0.080261,0.073609,0.078613,0.063248,0.077466,0.077442,2229137115,16739772,6172208,1118941,41031,26342,423773354,7681806,3380309,2748752542,67979239,15712558,3405948,60120,2003,965682912,19590219,1117133
11,track_nb-x86,291568,3167491227,24580,1024,96,209548818549310,140471797,3168771246,13235,19357669,35036,90,93,96,94,94,94,89,87,88,93,90,0.088272,0.067631,0.069777,0.076942,0.063297,0.080261,0.073609,0.078613,0.063248,0.077466,0.077442,2448613908,15730730,6072962,996978,48797,22901,442210884,7695416,3089807,2625080499,55878869,13338748,3546054,60968,2538,956084257,20477331,915350
12,track_nb-x86,291568,3285205598,24580,647,96,209548960520328,141971018,3285546938,13791,12423278,31829,91,89,94,95,96,96,90,93,90,93,94,0.088272,0.067631,0.069777,0.076942,0.063297,0.080261,0.073609,0.078613,0.063248,0.077466,0.077442,2437132033,16942685,3991133,1107405,53162,23616,422169474,7305263,3350510,2771708974,63437615,13721937,3721012,55746,2137,946469694,20743814,1193166
0,temporal_mitigation-noapi-x86,61688,878846,0,0,0,209553836462298,0,1823163,0,0,0,0,0,0,0,0,0,0,0,0,0,0,0.117188,0.082572,0.092884,0.090020,0.078480,0.075355,0.082362,0.093144,0.081232,0.098605,0.089724,0,0,0,0,0,0,0,0,0,1760609,16948,2746,7264,165,0,0,0,0
5,wifi-tx-nb-x86,67888,49913874,100,10,1,209553814968193,-21494105,71428991,3102,998572,46397,1,1,1,1,1,1,1,1,1,1,1,0.117188,0.082572,0.092884,0.090020,0.078480,0.075355,0.082362,0.093144,0.081232,0.098605,0.089724,1067817,60073,3647,11076,954,92,41746,409,0,12249342,84961,8811,25155,360,0,0,0,0
28,radar_correlator-x86,20136,3704233,3,1,1,209553874248331,59280138,14736149,22271,32815,26510,0,0,0,1,1,0,1,0,0,0,0,0.117188,0.082572,0.092884,0.090020,0.078480,0.075355,0.082362,0.093144,0.081232,0.098605,0.089724,84183,1252,82,886,44,16,15980,0,0,863265,16474,2088,3220,115,0,0,0,0
12,temporal_mitigation-x86,57392,4576880,4,1,1,209553860828081,-13420250,28313160,3701,10912,7314,0,0,0,1,0,1,0,1,0,0,0,0.117188,0.082572,0.092884,0.090020,0.078480,0.075355,0.082362,0.093144,0.081232,0.098605,0.089724,1674,234,0,105,11,13,7956,133,0,1723204,17341,2626,2880,142,0,0,0,0
17,radar_correlator-noapi-x86,20208,454653,0,0,0,209553886993967,26165886,8723548,0,0,0,0,0,0,0,0,0,0,0,0,0,0,0.117188,0.082572,0.092884,0.090020,0.078480,0.075355,0.082362,0.093144,0.081232,0.098605,0.089724,0,0,0,0,0,0,0,0,0,1091279,10842,825,3011,79,0,0,0,0
6,wifi-tx-nb-x86,67888,24321265,100,7,1,209553963611897,76617930,25221106,2687,8931,4174,1,1,1,1,1,1,1,1,1,1,1,0.117188,0.082572,0.092884,0.090020,0.078480,0.075355,0.082362,0.093144,0.081232,0.098605,0.089724,1185092,31380,595,4319,60,35,132496,5077,11668,4890344,85661,3100,23914,130,0,0,0,0
8,SAR-noapi-x86,20640,172533144,0,0,0,209553811505720,-152106177,180810367,0,0,0,0,0,0,0,0,0,0,0,0,0,0,0.117188,0.082572,0.092884,0.090020,0.078480,0.075355,0.082362,0.093144,0.081232,0.098605,0.089724,0,0,0,0,0,0,0,0,0,198751938,756436,185668,141132,2195,223,52484812,252620,74970
1,temporal_mitigation-noapi-x86,61688,1607373,0,0,0,209554014172153,202666433,8479462,0,0,0,0,0,0,0,0,0,0,0,0,0,0,0.117188,0.082572,0.092884,0.090020,0.078480,0.075355,0.082362,0.093144,0.081232,0.098605,0.089724,0,0,0,0,0,0,0,0,0,1738772,8013,1905,4752,33,0,0,0,0
29,radar_correlator-x86,20136,823743,3,1,1,209554024607158,10435005,6094940,18492,22164,19757,0,0,0,1,1,1,0,0,0,0,0,0.117188,0.082572,0.092884,0.090020,0.078480,0.075355,0.082362,0.093144,0.081232,0.098605,0.089724,164412,2962,100,573,16,10,32993,433,454,853875,10998,1739,2671,41,0,0,0,0
13,temporal_mitigation-x86,57392,12871834,4,1,1,209554036203997,11596839,15366724,5339,56213,19006,0,0,0,0,0,0,1,1,1,0,0,0.117188,0.082572,0.092884,0.090020,0.078480,0.075355,0.082362,0.093144,0.081232,0.098605,0.089724,15815,1329,118,129,6,3,3284,53,356,1709097,16676,2560,5812,61,0,0,0,0
18,radar_correlator-noapi-x86,20208,11778352,0,0,0,209554083419417,47215420,20102896,0,0,0,0,0,0,0,0,0,0,0,0,0,0,0.117188,0.082572,0.092884,0.090020,0.078480,0.075355,0.082362,0.093144,0.081232,0.098605,0.089724,0,0,0,0,0,0,0,0,0,1109672,11260,3106,3445,71,0,0,0,0
9,SAR-noapi-x86,20640,198444855,0,0,0,209553940469113,-142950304,206107300,0,0,0,0,0,0,0,0,0,0,0,0,0,0,0.117188,0.082572,0.092884,0.090020,0.078480,0.075355,0.082362,0.093144,0.081232,0.098605,0.089724,0,0,0,0,0,0,0,0,0,174046791,640251,370984,379806,2410,210,37698997,140436,207940
19,SAR_nb-x86,24968,323340853,2305,512,48,209553828825406,-111643707,331972759,601,15812577,32113,43,48,45,48,47,47,46,44,44,47,44,0.117188,0.082572,0.092884,0.090020,0.078480,0.075355,0.082362,0.093144,0.081232,0.098605,0.089724,54005508,678495,211595,61699,2025,647,8345141,244578,231182,153201318,746276,69461,296507,1346,319,41013742,284099,142753
10,SAR-noapi-x86,20640,160357107,0,0,0,209554069429825,240604419,168895243,0,0,0,0,0,0,0,0,0,0,0,0,0,0,0.117188,0.082572,0.092884,0.090020,0.078480,0.075355,0.082362,0.093144,0.081232,0.098605,0.089724,0,0,0,0,0,0,0,0,0,233617463,808049,361721,154165,2572,258,36035613,217735,128630
14,temporal_mitigation-x86,57392,28797761,4,1,1,209554212678830,143249005,29162105,5103,8761,6518,0,0,0,0,1,0,0,0,1,1,0,0.117188,0.082572,0.092884,0.090020,0.078480,0.075355,0.082362,0.093144,0.081232,0.098605,0.089724,47876,744,319,85,1,6,3704,121,616,1709247,21872,3431,7635,159,0,0,0,0
20,SAR_nb-x86,24968,386557716,2305,256,47,209553951734180,-260944650,394744013,582,24959394,50622,46,24,32,24,47,22,31,46,35,28,23,0.117188,0.082572,0.092884,0.090020,0.078480,0.075355,0.082362,0.093144,0.081232,0.098605,0.089724,57200779,755065,217005,63910,2278,676,7361335,239668,217439,179028973,537092,183114,354485,2079,534,40705841,115235,194340
11,SAR-noapi-x86,20640,176528791,0,0,0,209554199376406,247642226,177598447,0,0,0,0,0,0,0,0,0,0,0,0,0,0,0.117188,0.082572,0.092884,0.090020,0.078480,0.075355,0.082362,0.093144,0.081232,0.098605,0.089724,0,0,0,0,0,0,0,0,0,226752942,739038,381442,347039,1765,314,22538107,22403,95161
15,temporal_mitigation-x86,57392,31874056,4,1,1,209554373390302,174013896,32068518,6281,48930,18570,0,0,1,0,0,0,0,1,1,0,0,0.117188,0.082572,0.092884,0.090020,0.078480,0.075355,0.082362,0.093144,0.081232,0.098605,0.089724,35377,866,113,38,3,3,8375,266,226,1710021,16596,4291,7456,98,0,0,0,0
7,wifi-tx-nb-x86,67888,316735257,100,10,2,209554113745709,-259644593,323349729,2002,350544,23544,1,1,1,2,2,2,2,1,1,1,1,0.117188,0.082572,0.092884,0.090020,0.078480,0.075355,0.082362,0.093144,0.081232,0.098605,0.089724,1204035,35534,5187,4807,294,111,151665,7271,11870,11167361,99062,36949,39044,430,0,0,0,0
21,SAR_nb-x86,24968,455743773,2305,512,52,209554074642770,-39102939,465520669,883,17542566,17528,52,44,47,49,51,48,44,50,43,47,46,0.117188,0.082572,0.092884,0.090020,0.078480,0.075355,0.082362,0.093144,0.081232,0.098605,0.089724,58923957,634382,196381,62464,2295,475,8277566,268959,234727,171067959,631726,29203,342146,1187,675,41630963,409073,170098
16,temporal_mitigation-x86,57392,14138182,4,1,1,209554541492531,466849761,19358797,5203,6697,6181,0,0,0,1,1,0,0,0,0,1,1,0.117188,0.082572,0.092884,0.090020,0.078480,0.075355,0.082362,0.093144,0.081232,0.098605,0.089724,1302,1131,111,132,7,0,3303,4,360,1718620,17199,4018,5536,126,0,0,0,0
22,SAR_nb-x86,24968,423961804,2305,390,51,209554197551243,-343941288,424167591,613,1861760,8124,51,50,47,46,41,46,48,45,39,34,35,0.117188,0.082572,0.092884,0.090020,0.078480,0.075355,0.082362,0.093144,0.081232,0.098605,0.089724,46522172,696744,177475,60943,2531,577,8286313,293433,244601,147246810,982707,109842,398293,313,348,46673056,436439,414714
23,pulse_doppler-nb-x86,20528,926190953,512,7,11,209553881368135,-316183108,934495899,2475,4850066,21878,8,7,10,5,11,5,6,6,5,9,6,0.117188,0.082572,0.092884,0.090020,0.078480,0.075355,0.082362,0.093144,0.081232,0.098605,0.089724,5187661,161863,13877,21014,897,515,936297,34718,59882,14968491,311686,25466,84907,1632,643,2647105,0,0
24,pulse_doppler-nb-x86,20528,1375420382,512,12,17,209554049264466,167896331,1383676854,2525,918665,18898,13,13,9,11,10,7,8,10,16,17,14,0.117188,0.082572,0.092884,0.090020,0.078480,0.075355,0.082362,0.093144,0.081232,0.098605,0.089724,5424385,153625,18520,19529,767,517,839183,41347,62437,4799383,316056,103896,91665,2428,1070,0,0,0
26,pulse_doppler-nb-x86,20528,1391596845,512,28,12,209554385062380,335797914,1399883233,2331,584120,17658,11,12,12,12,10,6,12,9,11,11,11,0.117188,0.082572,0.092884,0.090020,0.078480,0.075355,0.082362,0.093144,0.081232,0.098605,0.089724,5381164,143687,22177,19334,896,588,912275,37826,60875,2158579,68986,23024,25524,3650,2464,6164651,163263,0
25,pulse_doppler-nb-x86,20528,1852163015,512,2,12,209554217321482,-167740898,1852532739,2188,154637,17244,6,7,11,11,12,6,11,7,7,6,6,0.117188,0.082572,0.092884,0.090020,0.078480,0.075355,0.082362,0.093144,0.081232,0.098605,0.089724,5269393,131445,21432,20379,1017,509,836647,36503,62564,6983391,331011,71459,77185,3445,1884,2956103,91373,48045
27,pulse_doppler-nb-x86,20528,1603270458,512,10,13,209554553499263,336177781,1611519798,2360,130187,16263,11,7,10,9,8,9,9,8,9,6,13,0.117188,0.082572,0.092884,0.090020,0.078480,0.075355,0.082362,0.093144,0.081232,0.098605,0.089724,5651838,122100,20552,18369,948,497,980663,39824,57633,2765609,123565,159345,89260,6690,2502,2426430,20922,0
2,track_nb-x86,291568,3213422103,24580,1024,97,209553819725021,-733774242,3221646187,13695,19276052,45682,95,89,94,97,91,93,94,93,97,93,94,0.117188,0.082572,0.092884,0.090020,0.078480,0.075355,0.082362,0.093144,0.081232,0.098605,0.089724,2437653355,14985182,4091868,1140631,56351,7587,423511313,8301340,3466033,2743896102,67784045,15367704,3692378,61336,1792,863946004,18225634,1150002
3,track_nb-x86,291568,3187547936,24580,1024,94,209553980533518,160808497,3199624898,13236,15653649,48252,94,90,94,92,93,94,89,89,91,94,93,0.117188,0.082572,0.092884,0.090020,0.078480,0.075355,0.082362,0.093144,0.081232,0.098605,0.089724,2347000204,16082790,3850598,1153994,52488,6830,433215015,8736763,3270473,2780199196,58242411,13460796,3679597,59526,1991,926323892,21552757,935999
4,track_nb-x86,291568,3192558703,24580,1019,97,209554141856725,161323207,3196171337,13380,15704153,34164,95,94,94,93,93,94,94,97,93,94,94,0.117188,0.082572,0.092884,0.090020,0.078480,0.075355,0.082362,0.093144,0.081232,0.098605,0.089724,2275389579,15559351,4552124,1101117,55900,7233,410038860,8158836,3377201,2853247405,71578335,15539964,3622214,59078,1312,914151004,20711430,1239892
4,radar_correlator-noapi-x86,20208,578205,0,0,0,209558953279048,0,8831927,0,0,0,0,0,0,0,0,0,0,0,0,0,0,0.080995,0.070082,0.081541,0.077034,0.064881,0.061322,0.073522,0.072656,0.059218,0.073733,0.098553,0,0,0,0,0,0,0,0,0,1097613,12696,4402,3348,142,0,0,0,0
0,wifi-tx-nb-x86,67888,17983495,100,10,1,209558965533424,12254376,26176761,3014,283900,22909,1,1,1,1,1,1,1,1,1,1,1,0.080995,0.070082,0.081541,0.077034,0.064881,0.061322,0.073522,0.072656,0.059218,0.073733,0.098553,537656,29293,669,7423,265,28,68094,26,65,12250289,85634,2624,28095,167,0,0,0,0
29,radar_correlator-x86,20136,4871405,3,1,1,209558991835738,26302314,13147082,20939,24705,22736,1,0,0,0,1,0,1,0,0,0,0,0.080995,0.070082,0.081541,0.077034,0.064881,0.061322,0.073522,0.072656,0.059218,0.073733,0.098553,79162,20,0,260,20,19,48410,634,379,463113,7391,1098,2875,105,27,0,0,0
12,temporal_mitigation-x86,57392,1881107,4,1,1,209559019225086,27389348,10821790,4804,6800,6098,1,0,1,0,1,0,0,1,0,0,0,0.080995,0.070082,0.081541,0.077034,0.064881,0.061322,0.073522,0.072656,0.059218,0.073733,0.098553,28363,842,30,30,3,1,5636,408,370,1726151,17087,2925,5430,108,0,0,0,0
9,pulse_doppler-nb-x86,20528,84464274,512,9,8,209558967373189,-51851897,91369776,1723,118505,9157,2,5,2,1,2,2,2,3,2,8,2,0.080995,0.070082,0.081541,0.077034,0.064881,0.061322,0.073522,0.072656,0.059218,0.073733,0.098553,3619630,138824,1190,17744,472,280,930692,29715,32807,6200096,393426,8991,68887,221,32,0,0,0
21,temporal_mitigation-noapi-x86,61688,1938117,0,0,0,209559058033577,90660388,10314971,0,0,0,0,0,0,0,0,0,0,0,0,0,0,0.080995,0.070082,0.081541,0.077034,0.064881,0.061322,0.073522,0.072656,0.059218,0.073733,0.098553,0,0,0,0,0,0,0,0,0,1750285,11452,2210,5054,79,0,0,0,0
5,radar_correlator-noapi-x86,20208,1606365,0,0,0,209559093724976,35691399,19773823,0,0,0,0,0,0,0,0,0,0,0,0,0,0,0.080995,0.070082,0.081541,0.077034,0.064881,0.061322,0.073522,0.072656,0.059218,0.073733,0.098553,0,0,0,0,0,0,0,0,0,1137628,11160,5088,2938,47,0,0,0,0
30,radar_correlator-x86,20136,17979790,3,1,1,209559103673854,9948878,31426464,18176,23326,21176,0,0,0,1,1,0,0,0,0,0,1,0.080995,0.070082,0.081541,0.077034,0.064881,0.061322,0.073522,0.072656,0.059218,0.073733,0.098553,240779,1497,1,10,0,23,48381,1078,1400,886658,14823,3833,3084,45,0,0,0,0
16,SAR-noapi-x86,20640,154252764,0,0,0,209559030094885,-73578969,162444991,0,0,0,0,0,0,0,0,0,0,0,0,0,0,0.080995,0.070082,0.081541,0.077034,0.064881,0.061322,0.073522,0.072656,0.059218,0.073733,0.098553,0,0,0,0,0,0,0,0,0,210688022,1368916,322548,262593,242,191,42719941,357787,111058
13,temporal_mitigation-x86,57392,9763292,4,1,1,209559212045035,181950150,17997485,5429,8128,6332,1,0,0,0,1,0,1,0,0,0,1,0.080995,0.070082,0.081541,0.077034,0.064881,0.061322,0.073522,0.072656,0.059218,0.073733,0.098553,33624,419,52,166,2,7,4670,0,203,9007,21632,3034,6585,43,0,0,0,0
6,radar_correlator-noapi-x86,20208,2716610,0,0,0,209559234413030,22367995,3378572,0,0,0,0,0,0,0,0,0,0,0,0,0,0,0.080995,0.070082,0.081541,0.077034,0.064881,0.061322,0.073522,0.072656,0.059218,0.073733,0.098553,0,0,0,0,0,0,0,0,0,798537,21655,2740,4274,164,0,0,0,0
1,wifi-tx-nb-x86,67888,121969811,100,10,2,209559128325475,-106087555,130190942,2817,332711,7757,1,1,1,1,1,2,2,1,1,1,2,0.080995,0.070082,0.081541,0.077034,0.064881,0.061322,0.073522,0.072656,0.059218,0.073733,0.098553,1204793,33155,2775,5044,205,93,189330,7020,12249,12210789,79760,19059,36586,168,0,0,0,0
22,temporal_mitigation-noapi-x86,61688,1718417,0,0,0,209559257411436,129085961,3219757,0,0,0,0,0,0,0,0,0,0,0,0,0,0,0.080995,0.070082,0.081541,0.077034,0.064881,0.061322,0.073522,0.072656,0.059218,0.073733,0.098553,0,0,0,0,0,0,0,0,0,1738828,14146,2009,8409,88,0,0,0,0
7,radar_correlator-noapi-x86,20208,2113030,0,0,0,209559375102352,117690916,10394436,0,0,0,0,0,0,0,0,0,0,0,0,0,0,0.080995,0.070082,0.081541,0.077034,0.064881,0.061322,0.073522,0.072656,0.059218,0.073733,0.098553,0,0,0,0,0,0,0,0,0,1081075,10171,2032,3654,31,0,0,0,0
25,SAR_nb-x86,24968,382069526,2305,337,51,209559004312373,-370789979,390328273,795,15671034,23350,48,45,47,47,30,51,43,33,45,32,33,0.080995,0.070082,0.081541,0.077034,0.064881,0.061322,0.073522,0.072656,0.059218,0.073733,0.098553,41047263,709378,224564,71255,2778,663,9085182,233692,204114,168653997,546649,24883,155117,1209,646,41874239,438000,199881
26,SAR_nb-x86,24968,294777271,2305,67,50,209559129728511,125416138,308099700,832,3423915,9893,46,47,47,49,49,50,48,47,48,45,45,0.080995,0.070082,0.081541,0.077034,0.064881,0.061322,0.073522,0.072656,0.059218,0.073733,0.098553,46537959,510332,201617,67755,2335,645,9100624,237309,222169,191254801,174007,152498,185101,1752,471,43509074,175661,10155
17,SAR-noapi-x86,20640,221364004,0,0,0,209559217066226,87337715,229544328,0,0,0,0,0,0,0,0,0,0,0,0,0,0,0.080995,0.070082,0.081541,0.077034,0.064881,0.061322,0.073522,0.072656,0.059218,0.073733,0.098553,0,0,0,0,0,0,0,0,0,189888614,762749,33694,527399,1754,526,46842812,560776,317605
23,temporal_mitigation-noapi-x86,61688,2510767,0,0,0,209559449294596,232228370,3099124,0,0,0,0,0,0,0,0,0,0,0,0,0,0,0.080995,0.070082,0.081541,0.077034,0.064881,0.061322,0.073522,0.072656,0.059218,0.073733,0.098553,0,0,0,0,0,0,0,0,0,1740932,13370,3039,7716,74,0,0,0,0
8,radar_correlator-noapi-x86,20208,370733,0,0,0,209559515791680,66497084,8806242,0,0,0,0,0,0,0,0,0,0,0,0,0,0,0.080995,0.070082,0.081541,0.077034,0.064881,0.061322,0.073522,0.072656,0.059218,0.073733,0.098553,0,0,0,0,0,0,0,0,0,220984,9806,2627,2180,33,0,0,0,0
27,SAR_nb-x86,24968,298990940,2305,512,47,209559258202683,-257588997,300406922,580,13933985,41368,47,44,47,47,43,43,43,46,46,44,47,0.080995,0.070082,0.081541,0.077034,0.064881,0.061322,0.073522,0.072656,0.059218,0.073733,0.098553,46686092,755083,212936,68059,2410,647,6836911,223381,225927,180349900,1102387,235692,170722,543,56,44404570,13223,230785
2,wifi-tx-nb-x86,67888,310059487,100,10,2,209559300491434,42288751,310514477,2251,324598,7660,2,1,1,1,1,1,2,1,1,1,1,0.080995,0.070082,0.081541,0.077034,0.064881,0.061322,0.073522,0.072656,0.059218,0.073733,0.098553,1090681,31277,5369,4430,229,78,162919,6510,12610,12212686,94690,36640,42263,439,0,0,0,0
18,SAR-noapi-x86,20640,221200724,0,0,0,209559404081108,103589674,225520300,0,0,0,0,0,0,0,0,0,0,0,0,0,0,0.080995,0.070082,0.081541,0.077034,0.064881,0.061322,0.073522,0.072656,0.059218,0.073733,0.098553,0,0,0,0,0,0,0,0,0,241913241,988624,224672,321543,1512,484,49969847,487793,171226
24,temporal_mitigation-noapi-x86,61688,7984838,0,0,0,209559644790728,240709620,10561828,0,0,0,0,0,0,0,0,0,0,0,0,0,0,0.080995,0.070082,0.081541,0.077034,0.064881,0.061322,0.073522,0.072656,0.059218,0.073733,0.098553,0,0,0,0,0,0,0,0,0,1747116,18227,3754,5464,80,0,0,0,0
3,wifi-tx-nb-x86,67888,209449528,100,10,3,209559452722730,-192067998,209767618,2224,133413,5525,1,1,1,1,3,3,2,1,1,2,1,0.080995,0.070082,0.081541,0.077034,0.064881,0.061322,0.073522,0.072656,0.059218,0.073733,0.098553,1054473,23807,2965,4199,219,52,178202,7424,10181,12206729,91410,30082,38415,250,0,0,0,0
28,SAR_nb-x86,24968,378060925,2305,43,47,209559385548761,-67173969,386590181,790,2504324,10773,47,47,47,47,46,46,47,46,47,47,47,0.080995,0.070082,0.081541,0.077034,0.064881,0.061322,0.073522,0.072656,0.059218,0.073733,0.098553,45763402,588274,222287,54649,1777,564,9174137,242443,227117,185192577,1253680,140285,316221,769,240,32289260,307677,411375
19,SAR-noapi-x86,20640,189070560,0,0,0,209559608519645,222970884,197503173,0,0,0,0,0,0,0,0,0,0,0,0,0,0,0.080995,0.070082,0.081541,0.077034,0.064881,0.061322,0.073522,0.072656,0.059218,0.073733,0.098553,0,0,0,0,0,0,0,0,0,203050704,809878,412881,338699,3530,133,34816002,251527,249535
20,SAR-noapi-x86,20640,200361590,0,0,0,209559778110936,169591291,208543481,0,0,0,0,0,0,0,0,0,0,0,0,0,0,0.080995,0.070082,0.081541,0.077034,0.064881,0.061322,0.073522,0.072656,0.059218,0.073733,0.098553,0,0,0,0,0,0,0,0,0,230413288,945990,318638,268787,1140,227,40952049,334670,203892
10,pulse_doppler-nb-x86,20528,1202706442,512,32,12,209559109200974,-668909962,1215013603,2202,3140591,21122,4,11,4,3,2,3,4,3,3,11,12,0.080995,0.070082,0.081541,0.077034,0.064881,0.061322,0.073522,0.072656,0.059218,0.073733,0.098553,4916775,149597,14722,19832,859,559,959770,35943,65900,4608562,251588,38697,87301,2719,1130,4182623,0,0
11,pulse_doppler-nb-x86,20528,1180352403,512,7,11,209559251029377,141828403,1180961516,2217,1388133,20310,7,7,8,7,7,7,8,7,10,11,8,0.080995,0.070082,0.081541,0.077034,0.064881,0.061322,0.073522,0.072656,0.059218,0.073733,0.098553,5397408,142389,13201,21260,994,787,1057849,35248,67026,4989973,79783,72808,81856,2842,2545,2932145,82764,23105
14,track_nb-x86,291568,3092495585,24580,850,96,209558958093453,-292935924,3101107552,12567,24068021,52746,96,83,93,93,93,81,76,93,82,95,93,0.080995,0.070082,0.081541,0.077034,0.064881,0.061322,0.073522,0.072656,0.059218,0.073733,0.098553,2475679703,16283088,4710529,1153123,50479,10285,417949819,8212928,3474518,2784563334,69716983,15657896,3936339,60363,1645,897742731,18101967,1390317
15,track_nb-x86,291568,3244728256,24580,988,97,209559082140185,124046732,3252973221,14274,21473939,49664,94,96,94,93,94,92,96,93,95,91,97,0.080995,0.070082,0.081541,0.077034,0.064881,0.061322,0.073522,0.072656,0.059218,0.073733,0.098553,2274465167,15779991,2742299,1047368,53886,8474,452233887,7152820,3744647,2710215838,63940399,10948247,3403301,59169,2067,948325648,19732159,1106859
0,radar_correlator-x86,20136,22154891,3,1,1,209564084897654,0,30813126,60813,87252,76121,1,1,1,0,0,0,0,0,0,0,0,0.109104,0.090297,0.099608,0.088802,0.081322,0.088640,0.087870,0.086454,0.089064,0.079261,0.087314,249868,7265,2723,1223,87,0,0,0,0,867777,19309,8846,3077,181,0,0,0,0
14,radar_correlator-noapi-x86,20208,1127410,0,0,0,209564132292952,47395298,9454682,0,0,0,0,0,0,0,0,0,0,0,0,0,0,0.109104,0.090297,0.099608,0.088802,0.081322,0.088640,0.087870,0.086454,0.089064,0.079261,0.087314,0,0,0,0,0,0,0,0,0,1192533,11850,6195,3826,121,0,0,0,0
23,wifi-tx-nb-x86,67888,15917463,100,10,1,209564155305211,23012259,24121142,2874,313843,11444,1,1,1,1,1,1,1,1,1,1,1,0.109104,0.090297,0.099608,0.088802,0.081322,0.088640,0.087870,0.086454,0.089064,0.079261,0.087314,184632,34587,674,6246,208,17,41,7,31,12250963,77138,2017,23025,108,0,0,0,0
10,temporal_mitigation-x86,57392,1696897,4,1,1,209564175170380,19865169,9917659,5225,8592,6902,0,1,0,0,0,0,1,1,0,0,0,0.109104,0.090297,0.099608,0.088802,0.081322,0.088640,0.087870,0.086454,0.089064,0.079261,0.087314,1550,31,25,193,7,4,418,0,0,1726378,16245,2208,2950,113,0,0,0,0
3,temporal_mitigation-noapi-x86,61688,761868,0,0,0,209564184384669,9214289,11460231,0,0,0,0,0,0,0,0,0,0,0,0,0,0,0.109104,0.090297,0.099608,0.088802,0.081322,0.088640,0.087870,0.086454,0.089064,0.079261,0.087314,0,0,0,0,0,0,0,0,0,1754764,12235,1559,5320,83,0,0,0,0
1,radar_correlator-x86,20136,18446797,3,1,1,209564189464082,5079413,27101352,21964,15774812,5297541,0,0,1,0,0,1,0,1,0,0,0,0.109104,0.090297,0.099608,0.088802,0.081322,0.088640,0.087870,0.086454,0.089064,0.079261,0.087314,162119,1264,57,316,6,17,32542,658,804,855925,15166,2155,2803,38,0,0,0,0
15,radar_correlator-noapi-x86,20208,476441,0,0,0,209564246456330,56992248,8690425,0,0,0,0,0,0,0,0,0,0,0,0,0,0,0.109104,0.090297,0.099608,0.088802,0.081322,0.088640,0.087870,0.086454,0.089064,0.079261,0.087314,0,0,0,0,0,0,0,0,0,1082376,8408,1885,2910,32,0,0,0,0
2,radar_correlator-x86,20136,2200289,3,1,1,209564298764620,52308290,12871602,22448,1346093,464903,1,0,0,1,0,0,0,1,0,0,0,0.109104,0.090297,0.099608,0.088802,0.081322,0.088640,0.087870,0.086454,0.089064,0.079261,0.087314,162615,2364,357,580,22,16,15729,347,867,970306,12147,2344,3264,49,0,0,0,0
17,SAR-noapi-x86,20640,158160747,0,0,0,209564180804938,-117959682,167034542,0,0,0,0,0,0,0,0,0,0,0,0,0,0,0.109104,0.090297,0.099608,0.088802,0.081322,0.088640,0.087870,0.086454,0.089064,0.079261,0.087314,0,0,0,0,0,0,0,0,0,161012216,319743,221796,201665,2608,703,55491999,292441,49329
24,wifi-tx-nb-x86,67888,70699712,100,10,1,209564270609327,89804389,77880884,2970,339341,11997,1,1,1,1,1,1,1,1,1,1,1,0.109104,0.090297,0.099608,0.088802,0.081322,0.088640,0.087870,0.086454,0.089064,0.079261,0.087314,1317019,36758,3210,4856,202,143,196802,6719,12079,12226581,80109,19866,27737,135,0,0,0,0
16,radar_correlator-noapi-x86,20208,1878146,0,0,0,209564360642462,90033135,2179081,0,0,0,0,0,0,0,0,0,0,0,0,0,0,0.109104,0.090297,0.099608,0.088802,0.081322,0.088640,0.087870,0.086454,0.089064,0.079261,0.087314,0,0,0,0,0,0,0,0,0,1191510,13170,1716,3721,52,0,0,0,0
4,temporal_mitigation-noapi-x86,61688,796050,0,0,0,209564380492813,19850351,9194397,0,0,0,0,0,0,0,0,0,0,0,0,0,0,0.109104,0.090297,0.099608,0.088802,0.081322,0.088640,0.087870,0.086454,0.089064,0.079261,0.087314,0,0,0,0,0,0,0,0,0,1738300,7410,1973,4646,31,0,0,0,0
11,temporal_mitigation-x86,57392,37981622,4,1,1,209564347907125,-32585688,42275618,5984,48492,17471,0,0,0,1,0,1,1,1,0,0,0,0.109104,0.090297,0.099608,0.088802,0.081322,0.088640,0.087870,0.086454,0.089064,0.079261,0.087314,1488,914,213,126,5,4,2345,111,371,2644,21343,2743,2486,79,0,0,0,0
18,SAR-noapi-x86,20640,149838769,0,0,0,209564337155335,-10751790,164740413,0,0,0,0,0,0,0,0,0,0,0,0,0,0,0.109104,0.090297,0.099608,0.088802,0.081322,0.088640,0.087870,0.086454,0.089064,0.079261,0.087314,0,0,0,0,0,0,0,0,0,167202134,342804,261913,206025,2556,856,54982038,201762,87488
12,temporal_mitigation-x86,57392,59574913,4,1,1,209564510772373,173617038,67801853,3400,10844,7141,0,0,0,0,1,1,1,1,0,0,0,0.109104,0.090297,0.099608,0.088802,0.081322,0.088640,0.087870,0.086454,0.089064,0.079261,0.087314,15988,1044,25,53,5,3,8393,57,612,1708325,14981,3996,4916,87,0,0,0,0
5,temporal_mitigation-noapi-x86,61688,9490776,0,0,0,209564578631471,67859098,9697779,0,0,0,0,0,0,0,0,0,0,0,0,0,0,0.109104,0.090297,0.099608,0.088802,0.081322,0.088640,0.087870,0.086454,0.089064,0.079261,0.087314,0,0,0,0,0,0,0,0,0,1741567,10967,2288,4674,41,0,0,0,0
26,SAR_nb-x86,24968,388045639,2305,512,50,209564198473945,-380157526,396265696,709,5873185,15549,48,45,47,45,45,46,48,48,50,47,45,0.109104,0.090297,0.099608,0.088802,0.081322,0.088640,0.087870,0.086454,0.089064,0.079261,0.087314,47314205,683936,203186,68794,2484,692,9850894,186670,220906,165997387,770015,78214,386501,1319,1650,40782123,395361,206165
13,temporal_mitigation-x86,57392,18450825,4,1,1,209564677860032,479386087,26983366,4871,6569,5989,1,1,0,1,0,1,0,0,0,0,0,0.109104,0.090297,0.099608,0.088802,0.081322,0.088640,0.087870,0.086454,0.089064,0.079261,0.087314,28301,229,2,102,10,3,2775,240,307,1710189,16080,3358,5477,67,0,0,0,0
25,wifi-tx-nb-x86,67888,323956664,100,10,2,209564385576061,-292283971,333602719,2208,369021,9183,1,1,2,1,1,1,1,1,1,1,1,0.109104,0.090297,0.099608,0.088802,0.081322,0.088640,0.087870,0.086454,0.089064,0.079261,0.087314,1148054,32805,4942,4606,261,77,178238,6189,12813,12220792,85421,34268,50158,298,0,0,0,0
27,SAR_nb-x86,24968,401524172,2305,512,47,209564347907125,-37668936,405847457,552,12642798,14712,47,47,47,47,47,47,47,47,47,47,47,0.109104,0.090297,0.099608,0.088802,0.081322,0.088640,0.087870,0.086454,0.089064,0.079261,0.087314,48416181,599857,211610,70799,2435,565,9126092,250182,243460,152379892,151986,221930,500836,2374,1518,34976967,25206,144385
6,temporal_mitigation-noapi-x86,61688,950880,0,0,0,209564772701182,424794057,5091378,0,0,0,0,0,0,0,0,0,0,0,0,0,0,0.109104,0.090297,0.099608,0.088802,0.081322,0.088640,0.087870,0.086454,0.089064,0.079261,0.087314,0,0,0,0,0,0,0,0,0,1745785,9054,2999,8411,60,0,0,0,0
19,pulse_doppler-nb-x86,20528,664242077,512,96,12,209564155056884,-617644298,672434713,2457,819183,15093,11,11,11,12,12,12,12,12,12,12,11,0.109104,0.090297,0.099608,0.088802,0.081322,0.088640,0.087870,0.086454,0.089064,0.079261,0.087314,4940130,136359,11568,20404,898,484,847322,35352,54198,634115,166615,55955,82500,1732,1915,0,0,0
28,SAR_nb-x86,24968,350052875,2305,256,56,209564496864998,341808114,358912446,693,5320790,10795,48,56,47,47,47,49,46,46,46,46,49,0.109104,0.090297,0.099608,0.088802,0.081322,0.088640,0.087870,0.086454,0.089064,0.079261,0.087314,52897768,592577,220209,67749,2382,670,9664890,266999,228110,162792495,778912,257144,193310,2710,1058,31280331,34973,235342
29,SAR_nb-x86,24968,269077637,2305,126,49,209564653545104,156680106,271142356,864,952122,7219,48,48,46,47,48,49,47,46,47,47,49,0.109104,0.090297,0.099608,0.088802,0.081322,0.088640,0.087870,0.086454,0.089064,0.079261,0.087314,43680190,566208,208592,69180,1942,667,10024428,260727,238927,162643954,142570,31416,149108,2055,1409,35271127,424349,133096
30,SAR_nb-x86,24968,284651723,2305,55,53,209564799769779,146224675,293009905,923,6386002,10275,39,46,49,40,47,50,47,47,39,47,53,0.109104,0.090297,0.099608,0.088802,0.081322,0.088640,0.087870,0.086454,0.089064,0.079261,0.087314,52898589,741544,195797,53025,2239,687,8649759,259862,252637,126574309,735197,409941,405574,2781,1042,31546916,43932,122994
20,pulse_doppler-nb-x86,20528,1365028356,512,6,13,209564277470983,-522298796,1374277354,2133,127993,15247,12,11,11,11,11,12,13,11,13,12,11,0.109104,0.090297,0.099608,0.088802,0.081322,0.088640,0.087870,0.086454,0.089064,0.079261,0.087314,5057417,154146,19195,18550,931,386,983887,34181,63271,4302994,262539,63435,74851,4077,1544,3330651,92485,0
22,pulse_doppler-nb-x86,20528,1365373291,512,6,14,209564522858126,245387143,1382981492,2494,235670,17950,14,5,7,5,4,5,5,3,4,4,4,0.109104,0.090297,0.099608,0.088802,0.081322,0.088640,0.087870,0.086454,0.089064,0.079261,0.087314,5811102,154145,18495,16639,993,406,1036490,37508,58180,13135347,391722,41817,45586,2019,2186,4485875,142472,101952
21,pulse_doppler-nb-x86,20528,1572739040,512,12,12,209564399799029,-123059097,1581047027,2360,516858,17526,7,12,11,6,6,6,7,6,6,6,11,0.109104,0.090297,0.099608,0.088802,0.081322,0.088640,0.087870,0.086454,0.089064,0.079261,0.087314,5191579,136567,18916,18037,1101,465,864412,30342,65153,2923761,264880,92706,81889,4638,1579,2702268,71833,3769
7,track_nb-x86,291568,3089427632,24580,1024,95,209564159339710,-240459319,3097739935,13979,24456754,39341,94,94,94,94,93,94,93,95,93,93,94,0.109104,0.090297,0.099608,0.088802,0.081322,0.088640,0.087870,0.086454,0.089064,0.079261,0.087314,2312033952,17857106,4855410,1042435,50794,7187,467644049,7952420,2949708,2836570190,67690285,15476407,3768790,55826,1746,891240021,20040990,1479139
8,track_nb-x86,291568,3054684299,24580,1024,100,209564318632964,159293254,3062935429,12452,28536716,51182,94,93,93,94,93,94,94,94,93,93,100,0.109104,0.090297,0.099608,0.088802,0.081322,0.088640,0.087870,0.086454,0.089064,0.079261,0.087314,2382024184,15431588,4574980,1055386,60019,7316,441173421,8002719,3428259,2672317593,64612980,15838368,3699364,56757,1449,872741240,17682656,1302095
9,track_nb-x86,291568,3048619074,24580,799,100,209564477926125,159293161,3059197943,13475,18375466,40140,94,93,94,94,94,93,89,94,100,93,94,0.109104,0.090297,0.099608,0.088802,0.081322,0.088640,0.087870,0.086454,0.089064,0.079261,0.087314,2385510171,16740253,6068806,1078047,49179,7782,425512722,7835117,3218013,2689369806,68000083,15688221,3713898,58569,2263,895005212,20063889,1372059
2,temporal_mitigation-x86,57392,3245516,4,1,1,209569277117774,0,11877441,5841,8665,7159,1,1,0,1,0,0,0,0,0,0,0,0.075702,0.078503,0.067411,0.077078,0.067531,0.056723,0.081516,0.061021,0.072527,0.070130,0.062774,47876,1411,71,211,12,0,0,0,0,1731412,19178,5952,5543,161,0,0,0,0
0,temporal_mitigation-noapi-x86,61688,5375938,0,0,0,209569318067536,40949762,7937323,0,0,0,0,0,0,0,0,0,0,0,0,0,0,0.075702,0.078503,0.067411,0.077078,0.067531,0.056723,0.081516,0.061021,0.072527,0.070130,0.062774,0,0,0,0,0,0,0,0,0,1754107,11926,2066,5674,47,0,0,0,0
27,wifi-tx-nb-x86,67888,9934362,100,6,1,209569344937084,26869548,18157222,2201,30767,4392,1,1,1,1,1,1,1,1,1,1,1,0.075702,0.078503,0.067411,0.077078,0.067531,0.056723,0.081516,0.061021,0.072527,0.070130,0.062774,700030,22418,168,1939,203,93,253641,8580,6403,6386488,77941,3511,18391,163,0,0,0,0
17,radar_correlator-noapi-x86,20208,1404710,0,0,0,209569365141984,20204900,9656927,0,0,0,0,0,0,0,0,0,0,0,0,0,0,0.075702,0.078503,0.067411,0.077078,0.067531,0.056723,0.081516,0.061021,0.072527,0.070130,0.062774,0,0,0,0,0,0,0,0,0,1091038,14338,2146,3037,93,0,0,0,0
21,radar_correlator-x86,20136,1898053,3,1,1,209569367004801,1862817,10302897,15573,532313,190097,0,0,0,0,0,1,0,1,0,0,0,0.075702,0.078503,0.067411,0.077078,0.067531,0.056723,0.081516,0.061021,0.072527,0.070130,0.062774,240273,1900,1,8,0,16,48308,561,1245,913923,17815,2047,3478,121,0,0,0,0
3,temporal_mitigation-x86,57392,15047689,4,1,1,209569417597511,50592710,18273073,4965,8876,7074,0,0,0,0,1,1,1,0,0,0,0,0.075702,0.078503,0.067411,0.077078,0.067531,0.056723,0.081516,0.061021,0.072527,0.070130,0.062774,15678,1445,84,101,11,0,2337,154,245,1706386,11107,1474,4872,38,0,0,0,0
1,temporal_mitigation-noapi-x86,61688,2028003,0,0,0,209569493978334,76380823,5087687,0,0,0,0,0,0,0,0,0,0,0,0,0,0,0.075702,0.078503,0.067411,0.077078,0.067531,0.056723,0.081516,0.061021,0.072527,0.070130,0.062774,0,0,0,0,0,0,0,0,0,1737837,13616,1751,5160,40,0,0,0,0
25,SAR-noapi-x86,20640,161620307,0,0,0,209569348388485,-145589849,168700647,0,0,0,0,0,0,0,0,0,0,0,0,0,0,0.075702,0.078503,0.067411,0.077078,0.067531,0.056723,0.081516,0.061021,0.072527,0.070130,0.062774,0,0,0,0,0,0,0,0,0,175297738,707925,225172,443248,2008,466,38000519,296622,138753
18,radar_correlator-noapi-x86,20208,11188473,0,0,0,209569517147017,168758532,15242807,0,0,0,0,0,0,0,0,0,0,0,0,0,0,0.075702,0.078503,0.067411,0.077078,0.067531,0.056723,0.081516,0.061021,0.072527,0.070130,0.062774,0,0,0,0,0,0,0,0,0,1084860,15278,1150,1635,63,0,0,0,0
7,pulse_doppler-nb-x86,20528,239665052,512,128,12,209569301818281,-215328736,247838506,2135,2883370,19551,10,10,10,12,12,11,11,12,12,12,10,0.075702,0.078503,0.067411,0.077078,0.067531,0.056723,0.081516,0.061021,0.072527,0.070130,0.062774,4130150,169777,8584,23399,1572,432,684742,26289,33616,13699681,374096,28015,78360,693,196,0,0,0
22,radar_correlator-x86,20136,35253355,3,1,1,209569512445804,210627523,43517898,15663,62840,32542,0,0,0,0,0,1,0,0,0,1,1,0.075702,0.078503,0.067411,0.077078,0.067531,0.056723,0.081516,0.061021,0.072527,0.070130,0.062774,84187,907,0,19,5,3,48286,1189,731,874340,17936,4095,1496,92,0,0,0,0
4,temporal_mitigation-x86,57392,17736544,4,1,1,209569555034517,42588713,22886592,3970,8535,7011,0,0,0,1,1,1,0,0,0,0,0,0.075702,0.078503,0.067411,0.077078,0.067531,0.056723,0.081516,0.061021,0.072527,0.070130,0.062774,33438,1157,121,138,3,0,5635,111,151,1644,16054,2199,6126,64,0,0,0,0
26,SAR-noapi-x86,20640,132818211,0,0,0,209569460553646,-94480871,149185275,0,0,0,0,0,0,0,0,0,0,0,0,0,0,0.075702,0.078503,0.067411,0.077078,0.067531,0.056723,0.081516,0.061021,0.072527,0.070130,0.062774,0,0,0,0,0,0,0,0,0,174060713,467672,276946,275495,2917,377,49618493,84696,32715
19,radar_correlator-noapi-x86,20208,413922,0,0,0,209569668900705,208347059,9092708,0,0,0,0,0,0,0,0,0,0,0,0,0,0,0.075702,0.078503,0.067411,0.077078,0.067531,0.056723,0.081516,0.061021,0.072527,0.070130,0.062774,0,0,0,0,0,0,0,0,0,1120722,9336,2013,3299,68,0,0,0,0
23,radar_correlator-x86,20136,55942869,3,1,1,209569656981956,-11918749,69911895,17530,25709,20859,0,0,0,0,0,0,1,1,1,0,0,0.075702,0.078503,0.067411,0.077078,0.067531,0.056723,0.081516,0.061021,0.072527,0.070130,0.062774,162313,649,223,242,3,1,32580,584,780,894698,16061,3492,3389,118,0,0,0,0
12,SAR_nb-x86,24968,428733799,2305,479,48,209569305610110,-351371846,446104059,641,26209525,30974,47,47,47,47,47,46,47,48,48,47,46,0.075702,0.078503,0.067411,0.077078,0.067531,0.056723,0.081516,0.061021,0.072527,0.070130,0.062774,44436310,651911,203496,79174,2422,879,8433257,215966,205687,174949531,1058901,256242,314057,859,408,31272177,51325,217548
28,wifi-tx-nb-x86,67888,294564710,100,10,2,209569455394649,149784539,302920057,2914,354759,14617,1,1,1,1,1,1,1,2,2,2,1,0.075702,0.078503,0.067411,0.077078,0.067531,0.056723,0.081516,0.061021,0.072527,0.070130,0.062774,1053956,30702,5921,5656,319,149,162915,6617,11390,12217303,93107,33443,40655,374,0,0,0,0
24,radar_correlator-x86,20136,1087547,3,1,1,209569801970276,346575627,9325235,16944,19302,18266,1,1,0,0,0,0,0,0,0,0,1,0.075702,0.078503,0.067411,0.077078,0.067531,0.056723,0.081516,0.061021,0.072527,0.070130,0.062774,79319,1959,2,266,6,0,31525,608,366,894193,16352,6628,2514,101,0,0,0,0
13,SAR_nb-x86,24968,399815704,2305,512,49,209569411276393,-390693883,412827148,929,23855382,18901,42,47,49,47,44,47,47,40,43,40,39,0.075702,0.078503,0.067411,0.077078,0.067531,0.056723,0.081516,0.061021,0.072527,0.070130,0.062774,45903422,748263,214176,70600,2004,654,9155265,223510,225444,108813546,696409,33759,213131,1466,1013,28328980,446010,208822
20,radar_correlator-noapi-x86,20208,270389,0,0,0,209569820781306,409504913,8500520,0,0,0,0,0,0,0,0,0,0,0,0,0,0,0.075702,0.078503,0.067411,0.077078,0.067531,0.056723,0.081516,0.061021,0.072527,0.070130,0.062774,0,0,0,0,0,0,0,0,0,1088982,8597,3679,1369,67,0,0,0,0
29,wifi-tx-nb-x86,67888,314697008,100,10,2,209569550217709,-270563597,314972375,2174,379041,12034,1,2,1,2,1,1,1,1,1,1,1,0.075702,0.078503,0.067411,0.077078,0.067531,0.056723,0.081516,0.061021,0.072527,0.070130,0.062774,1053251,28299,4115,3959,223,58,178194,7716,9381,2807401,98303,32929,38826,408,0,0,0,0
30,wifi-tx-nb-x86,67888,265833640,100,10,2,209569652857808,102640099,275705640,2364,397378,14461,1,1,1,1,1,1,1,2,1,1,1,0.075702,0.078503,0.067411,0.077078,0.067531,0.056723,0.081516,0.061021,0.072527,0.070130,0.062774,996985,27250,4005,3830,181,43,178274,7510,12434,12213822,97673,30927,50265,436,0,0,0,0
14,SAR_nb-x86,24968,407737241,2305,494,50,209569517147017,-135710791,411787944,615,14980272,13788,46,46,42,42,47,50,48,41,47,48,42,0.075702,0.078503,0.067411,0.077078,0.067531,0.056723,0.081516,0.061021,0.072527,0.070130,0.062774,46728946,642026,181930,65118,2206,702,9745339,273894,197881,162559043,1088239,120700,307274,616,895,38370110,420849,365651
15,SAR_nb-x86,24968,325532280,2305,512,50,209569622620002,105472985,338674263,853,1127259,7387,47,48,46,46,46,50,47,47,47,47,47,0.075702,0.078503,0.067411,0.077078,0.067531,0.056723,0.081516,0.061021,0.072527,0.070130,0.062774,39542130,628584,194811,74177,2111,627,8922076,242094,235768,142122042,360590,29548,305318,1796,1280,44156741,309745,174967
16,SAR_nb-x86,24968,283603011,2305,161,50,209569728294309,105674307,296911159,628,55451,6560,47,47,49,45,46,46,49,47,50,50,47,0.075702,0.078503,0.067411,0.077078,0.067531,0.056723,0.081516,0.061021,0.072527,0.070130,0.062774,48249372,690609,219232,72015,1706,690,7714377,263998,259005,97856660,244381,71194,236305,1794,1452,34059247,222291,84086
9,pulse_doppler-nb-x86,20528,909811200,512,30,12,209569517147017,-211147292,913733365,2424,179468,18904,11,11,12,12,12,12,12,12,12,11,11,0.075702,0.078503,0.067411,0.077078,0.067531,0.056723,0.081516,0.061021,0.072527,0.070130,0.062774,5683020,148640,16039,18351,785,509,959356,35514,49801,11103892,247315,84410,82987,2896,1411,0,0,0
8,pulse_doppler-nb-x86,20528,1096162513,512,27,12,209569407194531,-109952486,1104422369,1766,132372,16922,12,11,6,6,6,5,4,5,5,11,6,0.075702,0.078503,0.067411,0.077078,0.067531,0.056723,0.081516,0.061021,0.072527,0.070130,0.062774,5040345,149634,13074,17044,774,465,893121,42943,56684,14189273,668970,82861,89115,2050,0,0,0,0
11,pulse_doppler-nb-x86,20528,786550537,512,36,12,209569723329562,316135031,789282257,2378,566584,17342,12,11,11,11,11,11,11,12,12,12,12,0.075702,0.078503,0.067411,0.077078,0.067531,0.056723,0.081516,0.061021,0.072527,0.070130,0.062774,5553459,134540,11186,16915,640,365,910405,41437,49597,6321785,366743,83990,86454,2571,622,507605,0,0
10,pulse_doppler-nb-x86,20528,909642637,512,13,12,209569617984704,-105344858,914557136,2399,157482,17136,12,12,12,12,12,12,12,11,11,11,11,0.075702,0.078503,0.067411,0.077078,0.067531,0.056723,0.081516,0.061021,0.072527,0.070130,0.062774,5852470,140082,13318,16568,695,427,814495,36318,55567,5277903,251021,58026,84764,2409,1130,2233089,5697,0
5,track_nb-x86,291568,3046315434,24580,1024,96,209569283489428,-334495276,3059244850,15448,29830926,51622,93,93,89,93,94,93,93,89,96,94,93,0.075702,0.078503,0.067411,0.077078,0.067531,0.056723,0.081516,0.061021,0.072527,0.070130,0.062774,2490537401,14802285,3484789,1140106,53340,15110,426225519,7930715,3321809,2771488312,63954877,11875567,3412757,61199,4149,898878227,19243269,1088917
6,track_nb-x86,291568,3102781597,24580,1024,98,209569398531467,115042039,3115855065,13328,19985858,40268,98,94,89,93,93,93,93,91,94,94,92,0.075702,0.078503,0.067411,0.077078,0.067531,0.056723,0.081516,0.061021,0.072527,0.070130,0.062774,2279600807,17051361,3700867,1129482,47694,13262,432073901,7237211,3312037,2726005066,62676482,13002944,3492006,58441,4881,979626124,19318219,1282569
